Date,Region,Product,Category,Sales_Rep,Units_Sold,Unit_Price,Discount_Pct,Revenue,Profit,Year,Month,Quarter,Month_Name,Month_Year
2023-01-01,East,Product D,Furniture,Alice,37,412.59,25.3,15265.83,11403.58,2023,1,1,Jan,2023-01
2023-01-01,East,Product B,Sports,Diana,22,2220.92,11.5,48860.24,43241.31,2023,1,1,Jan,2023-01
2023-01-01,Central,Product A,Clothing,Evan,6,2231.57,11.0,13389.42,11916.58,2023,1,1,Jan,2023-01
2023-01-02,East,Product E,Kitchen,Diana,10,4935.79,28.1,49357.9,35488.33,2023,1,1,Jan,2023-01
2023-01-02,East,Product D,Clothing,Alice,34,4389.89,7.3,149256.26,138360.55,2023,1,1,Jan,2023-01
2023-01-02,South,Product D,Furniture,Charlie,38,4116.16,17.4,156414.08,129198.03,2023,1,1,Jan,2023-01
2023-01-03,West,Product D,Clothing,Charlie,43,3416.67,26.4,146916.81,108130.77,2023,1,1,Jan,2023-01
2023-01-04,North,Product B,Clothing,Bob,43,1620.15,2.5,69666.45,67924.79,2023,1,1,Jan,2023-01
2023-01-05,South,Product B,Electronics,Evan,26,1378.16,0.8,35832.16,35545.5,2023,1,1,Jan,2023-01
2023-01-05,North,Product D,Electronics,Alice,29,1044.11,10.5,30279.19,27099.88,2023,1,1,Jan,2023-01
2023-01-05,West,Product C,Furniture,Bob,10,1319.08,14.8,13190.8,11238.56,2023,1,1,Jan,2023-01
2023-01-05,West,Product E,Furniture,Charlie,39,2192.81,24.8,85519.59,64310.73,2023,1,1,Jan,2023-01
2023-01-06,South,Product D,Electronics,Evan,36,2641.86,6.0,95106.96,89400.54,2023,1,1,Jan,2023-01
2023-01-07,North,Product C,Electronics,Evan,23,534.03,28.2,12282.69,8818.97,2023,1,1,Jan,2023-01
2023-01-08,West,Product A,Kitchen,Bob,21,2559.53,16.3,53750.13,44988.86,2023,1,1,Jan,2023-01
2023-01-08,Central,Product D,Kitchen,Evan,23,1440.03,10.6,33120.69,29609.9,2023,1,1,Jan,2023-01
2023-01-09,West,Product C,Clothing,Evan,36,4506.32,14.6,162227.52,138542.3,2023,1,1,Jan,2023-01
2023-01-09,South,Product A,Kitchen,Evan,33,2768.32,5.2,91354.56,86604.12,2023,1,1,Jan,2023-01
2023-01-10,North,Product E,Furniture,Bob,10,2688.13,13.8,26881.3,23171.68,2023,1,1,Jan,2023-01
2023-01-10,North,Product D,Furniture,Charlie,19,2400.09,2.9,45601.71,44279.26,2023,1,1,Jan,2023-01
2023-01-12,South,Product B,Sports,Evan,22,3489.43,19.3,76767.46,61951.34,2023,1,1,Jan,2023-01
2023-01-12,East,Product B,Furniture,Evan,25,4620.96,10.0,115524.0,103971.6,2023,1,1,Jan,2023-01
2023-01-13,South,Product C,Sports,Bob,9,4353.2,29.0,39178.8,27816.95,2023,1,1,Jan,2023-01
2023-01-14,North,Product E,Clothing,Bob,34,4555.34,3.8,154881.56,148996.06,2023,1,1,Jan,2023-01
2023-01-15,South,Product D,Electronics,Alice,12,3420.84,0.8,41050.08,40721.68,2023,1,1,Jan,2023-01
2023-01-15,South,Product C,Electronics,Bob,43,248.73,3.8,10695.39,10288.97,2023,1,1,Jan,2023-01
2023-01-15,West,Product E,Furniture,Alice,15,152.5,27.4,2287.5,1660.72,2023,1,1,Jan,2023-01
2023-01-16,North,Product D,Furniture,Alice,42,4620.76,26.0,194071.92,143613.22,2023,1,1,Jan,2023-01
2023-01-17,North,Product D,Electronics,Bob,16,3481.23,13.5,55699.68,48180.22,2023,1,1,Jan,2023-01
2023-01-18,North,Product D,Electronics,Bob,16,914.52,15.5,14632.32,12364.31,2023,1,1,Jan,2023-01
2023-01-19,Central,Product E,Sports,Bob,46,3856.32,5.9,177390.72,166924.67,2023,1,1,Jan,2023-01
2023-01-20,East,Product E,Electronics,Evan,35,4077.85,8.4,142724.75,130735.87,2023,1,1,Jan,2023-01
2023-01-21,Central,Product B,Sports,Evan,20,2866.49,21.3,57329.8,45118.55,2023,1,1,Jan,2023-01
2023-01-21,East,Product D,Clothing,Diana,5,3751.55,10.7,18757.75,16750.67,2023,1,1,Jan,2023-01
2023-01-22,East,Product E,Furniture,Diana,48,4885.15,27.4,234487.2,170237.71,2023,1,1,Jan,2023-01
2023-01-22,East,Product E,Kitchen,Evan,28,3022.69,24.4,84635.32,63984.3,2023,1,1,Jan,2023-01
2023-01-23,East,Product D,Kitchen,Bob,20,694.38,3.0,13887.6,13470.97,2023,1,1,Jan,2023-01
2023-01-23,East,Product C,Furniture,Alice,48,3894.98,26.0,186959.04,138349.69,2023,1,1,Jan,2023-01
2023-01-25,Central,Product C,Electronics,Diana,48,2777.39,15.3,133314.72,112917.57,2023,1,1,Jan,2023-01
2023-01-25,West,Product E,Kitchen,Evan,7,3549.75,27.2,24848.25,18089.53,2023,1,1,Jan,2023-01
2023-01-26,East,Product E,Sports,Charlie,38,2677.86,28.2,101758.68,73062.73,2023,1,1,Jan,2023-01
2023-01-26,West,Product D,Kitchen,Diana,16,620.45,15.3,9927.2,8408.34,2023,1,1,Jan,2023-01
2023-01-27,East,Product E,Kitchen,Bob,37,3044.63,26.0,112651.31,83361.97,2023,1,1,Jan,2023-01
2023-01-28,Central,Product E,Clothing,Evan,23,1357.57,13.6,31224.11,26977.63,2023,1,1,Jan,2023-01
2023-01-28,West,Product A,Sports,Alice,33,755.51,21.7,24931.83,19521.62,2023,1,1,Jan,2023-01
2023-01-28,Central,Product C,Electronics,Charlie,36,3576.01,23.4,128736.36,98612.05,2023,1,1,Jan,2023-01
2023-01-28,West,Product C,Kitchen,Bob,21,4877.03,1.7,102417.63,100676.53,2023,1,1,Jan,2023-01
2023-01-29,North,Product B,Sports,Bob,17,297.64,9.0,5059.88,4604.49,2023,1,1,Jan,2023-01
2023-02-02,North,Product A,Furniture,Bob,5,3387.96,1.7,16939.8,16651.82,2023,2,1,Feb,2023-02
2023-02-02,Central,Product B,Sports,Alice,2,1740.47,12.7,3480.94,3038.86,2023,2,1,Feb,2023-02
2023-02-03,North,Product E,Sports,Charlie,43,3113.84,15.7,133895.12,112873.59,2023,2,1,Feb,2023-02
2023-02-03,North,Product C,Clothing,Charlie,40,2579.04,1.7,103161.6,101407.85,2023,2,1,Feb,2023-02
2023-02-04,Central,Product C,Clothing,Diana,12,2426.37,14.6,29116.44,24865.44,2023,2,1,Feb,2023-02
2023-02-04,North,Product E,Electronics,Evan,41,2482.25,24.6,101772.25,76736.28,2023,2,1,Feb,2023-02
2023-02-05,East,Product C,Clothing,Diana,36,459.48,10.6,16541.28,14787.9,2023,2,1,Feb,2023-02
2023-02-05,Central,Product E,Electronics,Diana,33,2887.88,6.4,95300.04,89200.84,2023,2,1,Feb,2023-02
2023-02-06,South,Product B,Furniture,Alice,14,2245.71,22.3,31439.94,24428.83,2023,2,1,Feb,2023-02
2023-02-06,Central,Product B,Furniture,Bob,42,1947.56,21.3,81797.52,64374.65,2023,2,1,Feb,2023-02
2023-02-06,East,Product E,Kitchen,Bob,38,539.82,28.6,20513.16,14646.4,2023,2,1,Feb,2023-02
2023-02-07,South,Product B,Electronics,Diana,39,1972.41,6.3,76923.99,72077.78,2023,2,1,Feb,2023-02
2023-02-08,South,Product D,Furniture,Diana,4,178.54,2.3,714.16,697.73,2023,2,1,Feb,2023-02
2023-02-08,Central,Product A,Kitchen,Bob,45,2176.47,2.4,97941.15,95590.56,2023,2,1,Feb,2023-02
2023-02-08,North,Product E,Clothing,Diana,26,4712.54,24.1,122526.04,92997.26,2023,2,1,Feb,2023-02
2023-02-08,Central,Product D,Sports,Alice,39,456.06,17.9,17786.34,14602.59,2023,2,1,Feb,2023-02
2023-02-09,East,Product A,Kitchen,Diana,24,2938.64,11.2,70527.36,62628.3,2023,2,1,Feb,2023-02
2023-02-10,East,Product B,Kitchen,Diana,17,4164.86,18.5,70802.62,57704.14,2023,2,1,Feb,2023-02
2023-02-10,East,Product A,Sports,Charlie,48,3554.7,17.9,170625.6,140083.62,2023,2,1,Feb,2023-02
2023-02-10,North,Product B,Kitchen,Alice,45,3516.11,10.1,158224.95,142244.23,2023,2,1,Feb,2023-02
2023-02-11,North,Product B,Kitchen,Charlie,43,3055.74,12.3,131396.82,115235.01,2023,2,1,Feb,2023-02
2023-02-12,North,Product B,Electronics,Charlie,7,1456.1,14.7,10192.7,8694.37,2023,2,1,Feb,2023-02
2023-02-12,South,Product D,Sports,Evan,13,3505.35,14.1,45569.55,39144.24,2023,2,1,Feb,2023-02
2023-02-15,Central,Product E,Clothing,Diana,45,1995.36,13.9,89791.2,77310.22,2023,2,1,Feb,2023-02
2023-02-15,South,Product E,Furniture,Evan,19,2957.22,20.8,56187.18,44500.25,2023,2,1,Feb,2023-02
2023-02-16,East,Product D,Electronics,Evan,43,303.34,4.0,13043.62,12521.88,2023,2,1,Feb,2023-02
2023-02-16,South,Product D,Electronics,Bob,19,4348.59,25.7,82623.21,61389.05,2023,2,1,Feb,2023-02
2023-02-16,South,Product B,Clothing,Evan,29,3565.67,25.5,103404.43,77036.3,2023,2,1,Feb,2023-02
2023-02-16,North,Product E,Kitchen,Alice,37,2059.92,3.2,76217.04,73778.09,2023,2,1,Feb,2023-02
2023-02-17,Central,Product A,Electronics,Bob,26,3515.42,22.4,91400.92,70927.11,2023,2,1,Feb,2023-02
2023-02-17,Central,Product E,Electronics,Alice,35,4836.45,9.9,169275.75,152517.45,2023,2,1,Feb,2023-02
2023-02-18,South,Product D,Furniture,Diana,22,3450.96,27.5,75921.12,55042.81,2023,2,1,Feb,2023-02
2023-02-20,North,Product B,Electronics,Evan,35,4240.69,24.8,148424.15,111614.96,2023,2,1,Feb,2023-02
2023-02-20,South,Product C,Furniture,Diana,35,1199.48,18.0,41981.8,34425.08,2023,2,1,Feb,2023-02
2023-02-20,East,Product B,Sports,Charlie,24,2724.16,13.3,65379.84,56684.32,2023,2,1,Feb,2023-02
2023-02-22,North,Product B,Furniture,Charlie,23,4839.63,27.2,111311.49,81034.76,2023,2,1,Feb,2023-02
2023-02-22,North,Product A,Sports,Alice,48,2541.83,20.2,122007.84,97362.26,2023,2,1,Feb,2023-02
2023-02-22,Central,Product D,Furniture,Charlie,6,4078.54,1.5,24471.24,24104.17,2023,2,1,Feb,2023-02
2023-02-22,Central,Product B,Kitchen,Bob,39,134.21,19.0,5234.19,4239.69,2023,2,1,Feb,2023-02
2023-02-23,Central,Product D,Kitchen,Diana,8,1530.36,12.2,12242.88,10749.25,2023,2,1,Feb,2023-02
2023-02-23,East,Product D,Furniture,Alice,14,4994.09,10.8,69917.26,62366.2,2023,2,1,Feb,2023-02
2023-02-23,North,Product C,Electronics,Diana,22,3263.12,24.5,71788.64,54200.42,2023,2,1,Feb,2023-02
2023-02-25,East,Product E,Electronics,Evan,46,2506.0,22.9,115276.0,88877.8,2023,2,1,Feb,2023-02
2023-02-25,North,Product D,Electronics,Charlie,26,1313.4,26.2,34148.4,25201.52,2023,2,1,Feb,2023-02
2023-02-27,Central,Product C,Sports,Evan,2,2798.24,4.3,5596.48,5355.83,2023,2,1,Feb,2023-02
2023-02-27,West,Product E,Electronics,Charlie,33,2910.46,16.3,96045.18,80389.82,2023,2,1,Feb,2023-02
2023-02-27,Central,Product A,Sports,Alice,21,4360.71,12.1,91574.91,80494.35,2023,2,1,Feb,2023-02
2023-02-27,West,Product B,Furniture,Diana,22,3850.05,23.5,84701.1,64796.34,2023,2,1,Feb,2023-02
2023-02-28,Central,Product E,Sports,Diana,3,3931.27,24.8,11793.81,8868.95,2023,2,1,Feb,2023-02
2023-03-02,North,Product B,Electronics,Diana,11,4068.9,29.0,44757.9,31778.11,2023,3,1,Mar,2023-03
2023-03-03,East,Product E,Sports,Bob,16,2897.44,9.6,46359.04,41908.57,2023,3,1,Mar,2023-03
2023-03-04,Central,Product A,Furniture,Charlie,19,1780.83,5.8,33835.77,31873.3,2023,3,1,Mar,2023-03
2023-03-04,West,Product D,Furniture,Charlie,27,4260.58,10.6,115035.66,102841.88,2023,3,1,Mar,2023-03
2023-03-06,Central,Product B,Electronics,Diana,13,1336.34,22.1,17372.42,13533.12,2023,3,1,Mar,2023-03
2023-03-06,West,Product A,Clothing,Evan,6,3922.24,16.5,23533.44,19650.42,2023,3,1,Mar,2023-03
2023-03-08,Central,Product A,Clothing,Bob,27,2015.5,12.2,54418.5,47779.44,2023,3,1,Mar,2023-03
2023-03-10,South,Product A,Clothing,Diana,10,2479.61,30.0,24796.1,17357.27,2023,3,1,Mar,2023-03
2023-03-10,North,Product D,Kitchen,Bob,16,4889.54,13.7,78232.64,67514.77,2023,3,1,Mar,2023-03
2023-03-10,West,Product E,Clothing,Charlie,22,1137.55,22.6,25026.1,19370.2,2023,3,1,Mar,2023-03
2023-03-11,North,Product E,Clothing,Alice,12,4437.67,16.8,53252.04,44305.7,2023,3,1,Mar,2023-03
2023-03-13,East,Product E,Electronics,Diana,37,4442.24,18.3,164362.88,134284.47,2023,3,1,Mar,2023-03
2023-03-13,East,Product B,Furniture,Bob,8,2593.9,8.3,20751.2,19028.85,2023,3,1,Mar,2023-03
2023-03-14,North,Product D,Clothing,Diana,28,2343.71,9.9,65623.88,59127.12,2023,3,1,Mar,2023-03
2023-03-15,West,Product B,Electronics,Alice,43,3155.18,18.8,135672.74,110166.26,2023,3,1,Mar,2023-03
2023-03-16,East,Product E,Clothing,Alice,25,526.14,16.1,13153.5,11035.79,2023,3,1,Mar,2023-03
2023-03-16,South,Product E,Electronics,Evan,7,2469.14,16.6,17283.98,14414.84,2023,3,1,Mar,2023-03
2023-03-16,South,Product C,Sports,Charlie,49,2510.81,0.3,123029.69,122660.6,2023,3,1,Mar,2023-03
2023-03-17,West,Product A,Electronics,Evan,23,1497.51,8.1,34442.73,31652.87,2023,3,1,Mar,2023-03
2023-03-17,West,Product C,Electronics,Charlie,45,4252.98,2.2,191384.1,187173.65,2023,3,1,Mar,2023-03
2023-03-19,West,Product C,Kitchen,Alice,26,2114.46,7.9,54975.96,50632.86,2023,3,1,Mar,2023-03
2023-03-19,East,Product B,Electronics,Charlie,12,1923.01,8.3,23076.12,21160.8,2023,3,1,Mar,2023-03
2023-03-19,West,Product E,Kitchen,Bob,34,3833.26,14.6,130330.84,111302.54,2023,3,1,Mar,2023-03
2023-03-21,South,Product C,Furniture,Evan,2,2029.4,23.2,4058.8,3117.16,2023,3,1,Mar,2023-03
2023-03-22,Central,Product C,Sports,Diana,31,2357.59,13.1,73085.29,63511.12,2023,3,1,Mar,2023-03
2023-03-22,Central,Product E,Kitchen,Bob,46,3692.49,0.2,169854.54,169514.83,2023,3,1,Mar,2023-03
2023-03-22,South,Product C,Sports,Evan,14,1317.85,12.6,18449.9,16125.21,2023,3,1,Mar,2023-03
2023-03-24,South,Product A,Furniture,Alice,15,232.82,9.3,3492.3,3167.52,2023,3,1,Mar,2023-03
2023-03-26,South,Product E,Sports,Charlie,38,151.51,13.3,5757.38,4991.65,2023,3,1,Mar,2023-03
2023-03-27,North,Product C,Sports,Evan,18,3946.81,26.9,71042.58,51932.13,2023,3,1,Mar,2023-03
2023-03-27,Central,Product C,Furniture,Alice,45,3139.15,14.5,141261.75,120778.8,2023,3,1,Mar,2023-03
2023-03-27,Central,Product E,Clothing,Charlie,22,3562.36,24.5,78371.92,59170.8,2023,3,1,Mar,2023-03
2023-03-29,South,Product D,Sports,Evan,17,4410.79,7.9,74983.43,69059.74,2023,3,1,Mar,2023-03
2023-03-31,East,Product E,Kitchen,Charlie,37,4610.63,3.2,170593.31,165134.32,2023,3,1,Mar,2023-03
2023-03-31,North,Product E,Clothing,Alice,21,1534.01,25.2,32214.21,24096.23,2023,3,1,Mar,2023-03
2023-03-31,West,Product B,Furniture,Evan,39,4009.24,5.0,156360.36,148542.34,2023,3,1,Mar,2023-03
2023-04-01,South,Product B,Furniture,Diana,1,755.11,3.5,755.11,728.68,2023,4,2,Apr,2023-04
2023-04-02,North,Product D,Electronics,Alice,10,995.79,26.7,9957.9,7299.14,2023,4,2,Apr,2023-04
2023-04-02,South,Product D,Electronics,Evan,40,3153.73,10.2,126149.2,113281.98,2023,4,2,Apr,2023-04
2023-04-03,South,Product C,Furniture,Evan,13,2924.8,22.2,38022.4,29581.43,2023,4,2,Apr,2023-04
2023-04-04,Central,Product C,Electronics,Charlie,19,1678.13,16.4,31884.47,26655.42,2023,4,2,Apr,2023-04
2023-04-05,South,Product C,Electronics,Diana,46,4814.09,8.1,221448.14,203510.84,2023,4,2,Apr,2023-04
2023-04-05,West,Product C,Electronics,Bob,18,1917.77,4.9,34519.86,32828.39,2023,4,2,Apr,2023-04
2023-04-06,South,Product C,Clothing,Diana,21,2259.26,22.6,47444.46,36722.01,2023,4,2,Apr,2023-04
2023-04-06,South,Product B,Sports,Diana,29,358.45,23.3,10395.05,7973.0,2023,4,2,Apr,2023-04
2023-04-06,North,Product A,Furniture,Evan,5,435.36,2.2,2176.8,2128.91,2023,4,2,Apr,2023-04
2023-04-08,South,Product C,Sports,Diana,18,4557.02,13.8,82026.36,70706.72,2023,4,2,Apr,2023-04
2023-04-09,South,Product C,Electronics,Alice,4,3577.39,17.1,14309.56,11862.63,2023,4,2,Apr,2023-04
2023-04-09,North,Product B,Sports,Evan,18,1560.09,10.1,28081.62,25245.38,2023,4,2,Apr,2023-04
2023-04-09,North,Product B,Kitchen,Diana,47,2098.11,28.7,98611.17,70309.76,2023,4,2,Apr,2023-04
2023-04-09,South,Product C,Kitchen,Charlie,41,3487.11,19.1,142971.51,115663.95,2023,4,2,Apr,2023-04
2023-04-09,South,Product D,Kitchen,Evan,10,4572.72,24.1,45727.2,34706.94,2023,4,2,Apr,2023-04
2023-04-09,South,Product D,Clothing,Charlie,12,4744.12,6.3,56929.44,53342.89,2023,4,2,Apr,2023-04
2023-04-09,Central,Product C,Sports,Alice,26,684.13,0.6,17787.38,17680.66,2023,4,2,Apr,2023-04
2023-04-09,South,Product A,Electronics,Alice,4,892.3,18.7,3569.2,2901.76,2023,4,2,Apr,2023-04
2023-04-10,North,Product E,Kitchen,Bob,48,2709.11,10.7,130037.28,116123.29,2023,4,2,Apr,2023-04
2023-04-10,East,Product B,Electronics,Charlie,4,1232.3,27.9,4929.2,3553.95,2023,4,2,Apr,2023-04
2023-04-13,North,Product D,Electronics,Bob,13,4836.14,7.3,62869.82,58280.32,2023,4,2,Apr,2023-04
2023-04-13,South,Product D,Sports,Evan,47,2427.99,23.7,114115.53,87070.15,2023,4,2,Apr,2023-04
2023-04-13,North,Product E,Electronics,Alice,15,4013.41,4.1,60201.15,57732.9,2023,4,2,Apr,2023-04
2023-04-14,West,Product D,Kitchen,Alice,47,2378.68,23.3,111797.96,85749.04,2023,4,2,Apr,2023-04
2023-04-14,East,Product D,Sports,Bob,26,4782.68,12.5,124349.68,108805.97,2023,4,2,Apr,2023-04
2023-04-15,South,Product D,Clothing,Alice,47,2355.74,6.2,110719.78,103855.15,2023,4,2,Apr,2023-04
2023-04-16,Central,Product E,Sports,Bob,33,2304.72,17.9,76055.76,62441.78,2023,4,2,Apr,2023-04
2023-04-16,Central,Product A,Sports,Bob,11,4300.43,3.1,47304.73,45838.28,2023,4,2,Apr,2023-04
2023-04-16,East,Product C,Electronics,Charlie,46,104.62,16.1,4812.52,4037.7,2023,4,2,Apr,2023-04
2023-04-17,East,Product D,Kitchen,Charlie,9,853.54,28.3,7681.86,5507.89,2023,4,2,Apr,2023-04
2023-04-17,West,Product A,Furniture,Bob,34,4488.22,26.7,152599.48,111855.42,2023,4,2,Apr,2023-04
2023-04-19,East,Product D,Electronics,Alice,27,4777.87,10.4,129002.49,115586.23,2023,4,2,Apr,2023-04
2023-04-19,Central,Product E,Sports,Evan,17,4822.06,0.5,81975.02,81565.14,2023,4,2,Apr,2023-04
2023-04-21,South,Product C,Furniture,Evan,21,1652.83,8.0,34709.43,31932.68,2023,4,2,Apr,2023-04
2023-04-21,South,Product C,Furniture,Evan,45,1284.13,20.6,57785.85,45881.96,2023,4,2,Apr,2023-04
2023-04-21,West,Product A,Electronics,Diana,5,2624.32,13.7,13121.6,11323.94,2023,4,2,Apr,2023-04
2023-04-22,Central,Product D,Sports,Evan,12,311.19,0.5,3734.28,3715.61,2023,4,2,Apr,2023-04
2023-04-23,East,Product A,Furniture,Diana,34,268.45,30.0,9127.3,6389.11,2023,4,2,Apr,2023-04
2023-04-23,Central,Product D,Furniture,Charlie,2,2467.84,22.9,4935.68,3805.41,2023,4,2,Apr,2023-04
2023-04-23,North,Product B,Electronics,Bob,21,4343.57,11.5,91214.97,80725.25,2023,4,2,Apr,2023-04
2023-04-23,East,Product B,Furniture,Charlie,31,290.89,29.4,9017.59,6366.42,2023,4,2,Apr,2023-04
2023-04-25,South,Product D,Clothing,Evan,13,2476.59,5.1,32195.67,30553.69,2023,4,2,Apr,2023-04
2023-04-26,East,Product B,Sports,Charlie,40,1108.39,23.3,44335.6,34005.41,2023,4,2,Apr,2023-04
2023-04-27,East,Product B,Clothing,Evan,39,4029.02,7.8,157131.78,144875.5,2023,4,2,Apr,2023-04
2023-04-27,West,Product A,Furniture,Alice,6,3041.23,28.0,18247.38,13138.11,2023,4,2,Apr,2023-04
2023-04-28,North,Product E,Clothing,Charlie,25,2570.25,23.1,64256.25,49413.06,2023,4,2,Apr,2023-04
2023-04-28,Central,Product D,Furniture,Diana,26,1484.5,18.5,38597.0,31456.55,2023,4,2,Apr,2023-04
2023-04-28,Central,Product B,Furniture,Charlie,16,2929.03,6.4,46864.48,43865.15,2023,4,2,Apr,2023-04
2023-04-28,Central,Product C,Kitchen,Bob,44,684.97,15.1,30138.68,25587.74,2023,4,2,Apr,2023-04
2023-04-29,South,Product C,Clothing,Diana,15,732.45,27.9,10986.75,7921.45,2023,4,2,Apr,2023-04
2023-04-30,North,Product A,Furniture,Charlie,1,3350.22,28.8,3350.22,2385.36,2023,4,2,Apr,2023-04
2023-04-30,South,Product E,Electronics,Alice,20,863.29,13.0,17265.8,15021.25,2023,4,2,Apr,2023-04
2023-05-01,East,Product D,Clothing,Evan,28,1295.58,20.5,36276.24,28839.61,2023,5,2,May,2023-05
2023-05-02,West,Product B,Electronics,Alice,16,4558.66,22.2,72938.56,56746.2,2023,5,2,May,2023-05
2023-05-02,West,Product D,Electronics,Alice,48,3427.43,22.1,164516.64,128158.46,2023,5,2,May,2023-05
2023-05-03,Central,Product B,Sports,Evan,47,434.11,19.6,20403.17,16404.15,2023,5,2,May,2023-05
2023-05-04,East,Product A,Clothing,Alice,28,623.32,8.0,17452.96,16056.72,2023,5,2,May,2023-05
2023-05-05,South,Product A,Electronics,Evan,25,2306.72,1.3,57668.0,56918.32,2023,5,2,May,2023-05
2023-05-06,Central,Product D,Clothing,Alice,45,2764.56,7.2,124405.2,115448.03,2023,5,2,May,2023-05
2023-05-06,East,Product A,Kitchen,Bob,18,715.65,16.6,12881.7,10743.34,2023,5,2,May,2023-05
2023-05-06,East,Product D,Electronics,Alice,45,3415.42,23.6,153693.9,117422.14,2023,5,2,May,2023-05
2023-05-07,North,Product B,Electronics,Diana,8,3683.13,20.0,29465.04,23572.03,2023,5,2,May,2023-05
2023-05-08,Central,Product B,Electronics,Alice,12,1057.74,12.6,12692.88,11093.58,2023,5,2,May,2023-05
2023-05-09,North,Product A,Furniture,Evan,2,362.81,22.3,725.62,563.81,2023,5,2,May,2023-05
2023-05-10,West,Product C,Furniture,Bob,46,1793.34,27.4,82493.64,59890.38,2023,5,2,May,2023-05
2023-05-11,South,Product A,Electronics,Bob,37,2566.39,16.0,94956.43,79763.4,2023,5,2,May,2023-05
2023-05-11,North,Product C,Sports,Charlie,17,1355.34,20.9,23040.78,18225.26,2023,5,2,May,2023-05
2023-05-11,South,Product B,Sports,Charlie,10,1629.73,29.2,16297.3,11538.49,2023,5,2,May,2023-05
2023-05-12,East,Product D,Sports,Evan,44,4101.61,15.8,180470.84,151956.45,2023,5,2,May,2023-05
2023-05-13,West,Product D,Furniture,Diana,34,4977.57,15.5,169237.38,143005.59,2023,5,2,May,2023-05
2023-05-13,Central,Product E,Electronics,Bob,30,717.97,10.8,21539.1,19212.88,2023,5,2,May,2023-05
2023-05-14,North,Product D,Clothing,Diana,9,2229.2,10.1,20062.8,18036.46,2023,5,2,May,2023-05
2023-05-15,West,Product B,Furniture,Charlie,27,4448.6,17.6,120112.2,98972.45,2023,5,2,May,2023-05
2023-05-15,North,Product B,Furniture,Evan,21,616.47,21.1,12945.87,10214.29,2023,5,2,May,2023-05
2023-05-17,West,Product A,Kitchen,Charlie,19,1445.86,6.5,27471.34,25685.7,2023,5,2,May,2023-05
2023-05-18,West,Product E,Furniture,Bob,48,1508.8,1.1,72422.4,71625.75,2023,5,2,May,2023-05
2023-05-19,West,Product C,Sports,Evan,15,1978.65,3.8,29679.75,28551.92,2023,5,2,May,2023-05
2023-05-19,East,Product C,Kitchen,Bob,48,3995.56,0.3,191786.88,191211.52,2023,5,2,May,2023-05
2023-05-20,North,Product A,Clothing,Charlie,25,3230.92,0.7,80773.0,80207.59,2023,5,2,May,2023-05
2023-05-23,East,Product E,Sports,Bob,11,843.54,23.4,9278.94,7107.67,2023,5,2,May,2023-05
2023-05-23,East,Product C,Clothing,Evan,32,4710.86,10.2,150747.52,135371.27,2023,5,2,May,2023-05
2023-05-24,Central,Product E,Sports,Bob,44,2622.24,22.7,115378.56,89187.63,2023,5,2,May,2023-05
2023-05-24,East,Product A,Furniture,Alice,41,375.5,0.1,15395.5,15380.1,2023,5,2,May,2023-05
2023-05-24,North,Product D,Electronics,Alice,16,2607.72,8.4,41723.52,38218.74,2023,5,2,May,2023-05
2023-05-24,East,Product E,Furniture,Evan,32,4535.97,24.6,145151.04,109443.88,2023,5,2,May,2023-05
2023-05-25,South,Product E,Furniture,Alice,5,2454.74,16.5,12273.7,10248.54,2023,5,2,May,2023-05
2023-05-25,North,Product C,Furniture,Evan,47,1269.88,29.9,59684.36,41838.74,2023,5,2,May,2023-05
2023-05-25,West,Product D,Furniture,Evan,7,3939.16,23.5,27574.12,21094.2,2023,5,2,May,2023-05
2023-05-26,North,Product B,Clothing,Alice,12,2410.97,17.7,28931.64,23810.74,2023,5,2,May,2023-05
2023-05-26,East,Product A,Sports,Alice,9,4020.67,8.0,36186.03,33291.15,2023,5,2,May,2023-05
2023-05-27,East,Product B,Kitchen,Alice,26,3211.04,4.9,83487.04,79396.18,2023,5,2,May,2023-05
2023-05-28,West,Product E,Electronics,Charlie,11,706.85,9.0,7775.35,7075.57,2023,5,2,May,2023-05
2023-05-29,West,Product E,Electronics,Diana,15,3805.34,10.5,57080.1,51086.69,2023,5,2,May,2023-05
2023-05-30,East,Product A,Furniture,Evan,31,3769.92,18.7,116867.52,95013.29,2023,5,2,May,2023-05
2023-05-31,East,Product D,Kitchen,Alice,42,1310.11,18.9,55024.62,44624.97,2023,5,2,May,2023-05
2023-05-31,Central,Product B,Furniture,Bob,1,2840.17,11.3,2840.17,2519.23,2023,5,2,May,2023-05
2023-06-01,Central,Product A,Sports,Bob,45,3723.4,14.2,167553.0,143760.47,2023,6,2,Jun,2023-06
2023-06-02,Central,Product D,Clothing,Bob,26,791.88,22.1,20588.88,16038.74,2023,6,2,Jun,2023-06
2023-06-03,West,Product A,Electronics,Charlie,25,1465.6,21.7,36640.0,28689.12,2023,6,2,Jun,2023-06
2023-06-03,West,Product A,Kitchen,Alice,43,990.91,18.8,42609.13,34598.61,2023,6,2,Jun,2023-06
2023-06-04,North,Product E,Kitchen,Charlie,44,4416.39,19.4,194321.16,156622.85,2023,6,2,Jun,2023-06
2023-06-06,West,Product C,Electronics,Alice,42,3735.69,8.2,156898.98,144033.26,2023,6,2,Jun,2023-06
2023-06-07,North,Product C,Kitchen,Evan,32,3088.08,14.8,98818.56,84193.41,2023,6,2,Jun,2023-06
2023-06-09,East,Product B,Clothing,Alice,40,2027.27,22.0,81090.8,63250.82,2023,6,2,Jun,2023-06
2023-06-09,West,Product D,Furniture,Charlie,22,3017.3,7.6,66380.6,61335.67,2023,6,2,Jun,2023-06
2023-06-09,South,Product C,Clothing,Diana,34,3366.76,4.8,114469.84,108975.29,2023,6,2,Jun,2023-06
2023-06-10,South,Product C,Electronics,Diana,20,1778.7,25.9,35574.0,26360.33,2023,6,2,Jun,2023-06
2023-06-10,East,Product A,Furniture,Bob,31,4433.95,12.2,137452.45,120683.25,2023,6,2,Jun,2023-06
2023-06-10,Central,Product C,Sports,Diana,1,1631.73,3.9,1631.73,1568.09,2023,6,2,Jun,2023-06
2023-06-11,Central,Product A,Kitchen,Alice,7,1724.92,13.1,12074.44,10492.69,2023,6,2,Jun,2023-06
2023-06-12,Central,Product E,Clothing,Charlie,32,4908.16,4.9,157061.12,149365.13,2023,6,2,Jun,2023-06
2023-06-12,East,Product A,Kitchen,Alice,9,2950.44,3.3,26553.96,25677.68,2023,6,2,Jun,2023-06
2023-06-14,South,Product D,Sports,Evan,39,1698.23,7.5,66230.97,61263.65,2023,6,2,Jun,2023-06
2023-06-15,West,Product A,Kitchen,Alice,40,4807.66,12.5,192306.4,168268.1,2023,6,2,Jun,2023-06
2023-06-16,East,Product B,Clothing,Diana,47,1237.9,20.5,58181.3,46254.13,2023,6,2,Jun,2023-06
2023-06-16,South,Product D,Kitchen,Alice,7,4164.87,6.3,29154.09,27317.38,2023,6,2,Jun,2023-06
2023-06-17,West,Product D,Electronics,Alice,16,1574.73,1.0,25195.68,24943.72,2023,6,2,Jun,2023-06
2023-06-17,North,Product B,Furniture,Diana,47,2244.81,14.2,105506.07,90524.21,2023,6,2,Jun,2023-06
2023-06-17,East,Product E,Clothing,Evan,31,4158.11,8.1,128901.41,118460.4,2023,6,2,Jun,2023-06
2023-06-19,East,Product A,Clothing,Alice,35,1001.82,22.3,35063.7,27244.49,2023,6,2,Jun,2023-06
2023-06-20,West,Product E,Electronics,Alice,25,4915.42,8.8,122885.5,112071.58,2023,6,2,Jun,2023-06
2023-06-21,West,Product C,Clothing,Evan,24,3282.82,24.1,78787.68,59799.85,2023,6,2,Jun,2023-06
2023-06-21,North,Product D,Clothing,Alice,36,1648.9,21.6,59360.4,46538.55,2023,6,2,Jun,2023-06
2023-06-22,North,Product E,Furniture,Charlie,6,4697.09,4.1,28182.54,27027.06,2023,6,2,Jun,2023-06
2023-06-22,Central,Product D,Electronics,Bob,1,4058.99,25.4,4058.99,3028.01,2023,6,2,Jun,2023-06
2023-06-22,South,Product B,Furniture,Diana,43,1698.48,12.0,73034.64,64270.48,2023,6,2,Jun,2023-06
2023-06-23,West,Product E,Electronics,Bob,28,3825.96,1.9,107126.88,105091.47,2023,6,2,Jun,2023-06
2023-06-25,North,Product E,Clothing,Evan,5,4604.12,26.8,23020.6,16851.08,2023,6,2,Jun,2023-06
2023-06-26,North,Product A,Kitchen,Diana,13,1730.37,10.9,22494.81,20042.88,2023,6,2,Jun,2023-06
2023-06-26,East,Product D,Kitchen,Bob,25,4834.74,28.3,120868.5,86662.71,2023,6,2,Jun,2023-06
2023-06-27,East,Product A,Electronics,Evan,49,1991.65,13.9,97590.85,84025.72,2023,6,2,Jun,2023-06
2023-06-29,South,Product B,Sports,Charlie,39,2865.64,23.7,111759.96,85272.85,2023,6,2,Jun,2023-06
2023-06-30,West,Product A,Sports,Charlie,16,1607.63,11.3,25722.08,22815.48,2023,6,2,Jun,2023-06
2023-07-01,South,Product C,Electronics,Evan,26,2001.07,17.8,52027.82,42766.87,2023,7,3,Jul,2023-07
2023-07-02,South,Product B,Furniture,Bob,20,3095.57,10.7,61911.4,55286.88,2023,7,3,Jul,2023-07
2023-07-03,West,Product A,Kitchen,Charlie,3,2737.28,17.1,8211.84,6807.62,2023,7,3,Jul,2023-07
2023-07-03,West,Product C,Furniture,Evan,26,1244.48,7.1,32356.48,30059.17,2023,7,3,Jul,2023-07
2023-07-05,North,Product C,Kitchen,Diana,26,490.6,28.0,12755.6,9184.03,2023,7,3,Jul,2023-07
2023-07-06,West,Product E,Furniture,Charlie,42,4771.67,19.9,200410.14,160528.52,2023,7,3,Jul,2023-07
2023-07-07,East,Product A,Sports,Alice,43,1633.31,24.6,70232.33,52955.18,2023,7,3,Jul,2023-07
2023-07-08,North,Product E,Electronics,Charlie,39,4287.28,26.2,167203.92,123396.49,2023,7,3,Jul,2023-07
2023-07-09,East,Product B,Electronics,Diana,36,321.24,6.1,11564.64,10859.2,2023,7,3,Jul,2023-07
2023-07-09,North,Product C,Sports,Alice,39,1100.79,23.9,42930.81,32670.35,2023,7,3,Jul,2023-07
2023-07-09,West,Product C,Sports,Charlie,33,1592.0,21.1,52536.0,41450.9,2023,7,3,Jul,2023-07
2023-07-09,Central,Product D,Electronics,Charlie,6,3401.41,18.5,20408.46,16632.89,2023,7,3,Jul,2023-07
2023-07-09,Central,Product E,Clothing,Bob,33,740.51,14.1,24436.83,20991.24,2023,7,3,Jul,2023-07
2023-07-10,Central,Product D,Sports,Bob,14,3733.67,6.6,52271.38,48821.47,2023,7,3,Jul,2023-07
2023-07-10,Central,Product C,Electronics,Diana,37,3249.61,27.6,120235.57,87050.55,2023,7,3,Jul,2023-07
2023-07-11,West,Product D,Kitchen,Bob,43,403.54,6.2,17352.22,16276.38,2023,7,3,Jul,2023-07
2023-07-11,East,Product A,Furniture,Alice,35,3814.4,19.4,133504.0,107604.22,2023,7,3,Jul,2023-07
2023-07-11,South,Product B,Furniture,Alice,36,1780.36,17.0,64092.96,53197.16,2023,7,3,Jul,2023-07
2023-07-11,South,Product C,Electronics,Evan,18,4234.68,15.9,76224.24,64104.59,2023,7,3,Jul,2023-07
2023-07-13,Central,Product E,Sports,Diana,23,4645.95,23.5,106856.85,81745.49,2023,7,3,Jul,2023-07
2023-07-13,North,Product E,Sports,Charlie,4,1206.37,25.1,4825.48,3614.28,2023,7,3,Jul,2023-07
2023-07-14,East,Product C,Electronics,Charlie,2,3164.62,13.7,6329.24,5462.13,2023,7,3,Jul,2023-07
2023-07-14,East,Product A,Clothing,Charlie,12,2472.45,6.3,29669.4,27800.23,2023,7,3,Jul,2023-07
2023-07-14,West,Product B,Furniture,Bob,47,3930.72,27.4,184743.84,134124.03,2023,7,3,Jul,2023-07
2023-07-15,North,Product B,Furniture,Alice,4,4865.06,9.2,19460.24,17669.9,2023,7,3,Jul,2023-07
2023-07-15,East,Product D,Electronics,Charlie,24,4499.98,6.0,107999.52,101519.55,2023,7,3,Jul,2023-07
2023-07-17,Central,Product B,Sports,Bob,11,1946.65,27.3,21413.15,15567.36,2023,7,3,Jul,2023-07
2023-07-20,East,Product D,Furniture,Diana,23,436.89,18.6,10048.47,8179.45,2023,7,3,Jul,2023-07
2023-07-20,South,Product D,Sports,Bob,47,1717.76,6.3,80734.72,75648.43,2023,7,3,Jul,2023-07
2023-07-20,East,Product E,Clothing,Diana,8,4210.38,25.0,33683.04,25262.28,2023,7,3,Jul,2023-07
2023-07-21,West,Product B,Furniture,Charlie,17,2552.84,10.3,43398.28,38928.26,2023,7,3,Jul,2023-07
2023-07-22,East,Product E,Clothing,Bob,44,2278.41,4.6,100250.04,95638.54,2023,7,3,Jul,2023-07
2023-07-22,East,Product B,Clothing,Bob,7,1281.71,24.7,8971.97,6755.89,2023,7,3,Jul,2023-07
2023-07-23,North,Product C,Electronics,Diana,8,4303.88,2.7,34431.04,33501.4,2023,7,3,Jul,2023-07
2023-07-24,South,Product B,Clothing,Diana,30,1213.58,14.0,36407.4,31310.36,2023,7,3,Jul,2023-07
2023-07-25,West,Product B,Clothing,Alice,25,634.17,7.3,15854.25,14696.89,2023,7,3,Jul,2023-07
2023-07-26,West,Product E,Clothing,Charlie,47,2601.25,1.6,122258.75,120302.61,2023,7,3,Jul,2023-07
2023-07-26,East,Product D,Kitchen,Evan,3,782.34,15.0,2347.02,1994.97,2023,7,3,Jul,2023-07
2023-07-27,North,Product E,Furniture,Alice,47,1620.51,10.8,76163.97,67938.26,2023,7,3,Jul,2023-07
2023-07-31,East,Product E,Electronics,Charlie,42,2114.61,9.6,88813.62,80287.51,2023,7,3,Jul,2023-07
2023-08-01,Central,Product B,Kitchen,Evan,39,3080.24,24.1,120129.36,91178.18,2023,8,3,Aug,2023-08
2023-08-02,Central,Product A,Sports,Diana,49,4837.0,26.5,237013.0,174204.56,2023,8,3,Aug,2023-08
2023-08-03,Central,Product B,Furniture,Bob,42,4985.05,19.2,209372.1,169172.66,2023,8,3,Aug,2023-08
2023-08-03,East,Product C,Kitchen,Bob,35,3855.1,26.3,134928.5,99442.3,2023,8,3,Aug,2023-08
2023-08-04,North,Product C,Clothing,Diana,40,2279.09,13.1,91163.6,79221.17,2023,8,3,Aug,2023-08
2023-08-05,North,Product C,Furniture,Bob,3,4941.81,24.8,14825.43,11148.72,2023,8,3,Aug,2023-08
2023-08-05,Central,Product A,Kitchen,Charlie,17,2300.48,10.6,39108.16,34962.7,2023,8,3,Aug,2023-08
2023-08-05,West,Product B,Electronics,Bob,44,4734.17,17.2,208303.48,172475.28,2023,8,3,Aug,2023-08
2023-08-05,West,Product D,Electronics,Alice,11,268.71,25.1,2955.81,2213.9,2023,8,3,Aug,2023-08
2023-08-06,North,Product A,Sports,Alice,7,4716.09,27.4,33012.63,23967.17,2023,8,3,Aug,2023-08
2023-08-06,West,Product D,Kitchen,Bob,42,3367.94,12.5,141453.48,123771.8,2023,8,3,Aug,2023-08
2023-08-08,North,Product B,Electronics,Evan,2,1318.16,5.2,2636.32,2499.23,2023,8,3,Aug,2023-08
2023-08-08,Central,Product C,Electronics,Evan,8,1727.65,20.9,13821.2,10932.57,2023,8,3,Aug,2023-08
2023-08-08,North,Product B,Clothing,Charlie,25,373.13,17.6,9328.25,7686.48,2023,8,3,Aug,2023-08
2023-08-08,East,Product E,Kitchen,Evan,45,1062.79,13.6,47825.55,41321.28,2023,8,3,Aug,2023-08
2023-08-11,North,Product B,Kitchen,Evan,12,3042.86,7.0,36514.32,33958.32,2023,8,3,Aug,2023-08
2023-08-11,North,Product E,Clothing,Diana,1,3195.44,23.4,3195.44,2447.71,2023,8,3,Aug,2023-08
2023-08-11,South,Product C,Furniture,Alice,1,4669.58,24.1,4669.58,3544.21,2023,8,3,Aug,2023-08
2023-08-12,South,Product D,Sports,Alice,47,1214.66,19.6,57089.02,45899.57,2023,8,3,Aug,2023-08
2023-08-13,East,Product C,Clothing,Evan,40,2345.98,5.6,93839.2,88584.2,2023,8,3,Aug,2023-08
2023-08-13,West,Product D,Sports,Diana,37,1809.28,8.0,66943.36,61587.89,2023,8,3,Aug,2023-08
2023-08-13,South,Product A,Sports,Alice,17,4961.46,22.1,84344.82,65704.61,2023,8,3,Aug,2023-08
2023-08-13,Central,Product E,Clothing,Charlie,19,2151.61,4.2,40880.59,39163.61,2023,8,3,Aug,2023-08
2023-08-14,East,Product D,Furniture,Diana,18,3510.79,20.1,63194.22,50492.18,2023,8,3,Aug,2023-08
2023-08-15,West,Product E,Clothing,Evan,2,1826.4,2.8,3652.8,3550.52,2023,8,3,Aug,2023-08
2023-08-15,West,Product C,Electronics,Diana,7,386.44,4.5,2705.08,2583.35,2023,8,3,Aug,2023-08
2023-08-16,North,Product E,Clothing,Charlie,31,433.38,28.5,13434.78,9605.87,2023,8,3,Aug,2023-08
2023-08-17,Central,Product B,Sports,Charlie,45,4456.1,0.8,200524.5,198920.3,2023,8,3,Aug,2023-08
2023-08-17,North,Product A,Sports,Bob,18,3737.61,11.0,67276.98,59876.51,2023,8,3,Aug,2023-08
2023-08-17,South,Product E,Kitchen,Charlie,5,1368.08,1.1,6840.4,6765.16,2023,8,3,Aug,2023-08
2023-08-18,West,Product C,Kitchen,Diana,14,1088.8,16.2,15243.2,12773.8,2023,8,3,Aug,2023-08
2023-08-18,Central,Product E,Kitchen,Alice,24,748.12,7.1,17954.88,16680.08,2023,8,3,Aug,2023-08
2023-08-19,North,Product E,Kitchen,Bob,17,4160.67,17.4,70731.39,58424.13,2023,8,3,Aug,2023-08
2023-08-19,East,Product C,Electronics,Diana,29,2588.01,12.2,75052.29,65895.91,2023,8,3,Aug,2023-08
2023-08-19,East,Product A,Sports,Alice,27,1804.33,29.1,48716.91,34540.29,2023,8,3,Aug,2023-08
2023-08-19,North,Product D,Sports,Evan,9,368.19,12.7,3313.71,2892.87,2023,8,3,Aug,2023-08
2023-08-21,Central,Product C,Electronics,Evan,43,783.31,2.6,33682.33,32806.59,2023,8,3,Aug,2023-08
2023-08-21,Central,Product B,Furniture,Charlie,13,883.41,10.8,11484.33,10244.02,2023,8,3,Aug,2023-08
2023-08-21,North,Product A,Kitchen,Alice,33,381.22,18.8,12580.26,10215.17,2023,8,3,Aug,2023-08
2023-08-21,South,Product A,Furniture,Evan,6,4884.64,1.2,29307.84,28956.15,2023,8,3,Aug,2023-08
2023-08-21,South,Product A,Sports,Alice,9,363.77,20.8,3273.93,2592.95,2023,8,3,Aug,2023-08
2023-08-21,South,Product D,Clothing,Charlie,38,3534.24,16.3,134301.12,112410.04,2023,8,3,Aug,2023-08
2023-08-22,North,Product B,Kitchen,Evan,22,1936.64,1.2,42606.08,42094.81,2023,8,3,Aug,2023-08
2023-08-23,South,Product E,Electronics,Evan,8,2091.44,23.5,16731.52,12799.61,2023,8,3,Aug,2023-08
2023-08-24,West,Product C,Furniture,Diana,41,369.33,2.4,15142.53,14779.11,2023,8,3,Aug,2023-08
2023-08-25,Central,Product A,Sports,Evan,20,2028.81,19.4,40576.2,32704.42,2023,8,3,Aug,2023-08
2023-08-27,Central,Product C,Electronics,Charlie,37,4794.88,6.1,177410.56,166588.52,2023,8,3,Aug,2023-08
2023-08-27,North,Product B,Kitchen,Charlie,38,914.31,7.7,34743.78,32068.51,2023,8,3,Aug,2023-08
2023-08-29,South,Product E,Electronics,Charlie,13,1786.05,20.5,23218.65,18458.83,2023,8,3,Aug,2023-08
2023-08-30,West,Product A,Sports,Charlie,45,1914.14,19.7,86136.3,69167.45,2023,8,3,Aug,2023-08
2023-08-30,West,Product E,Clothing,Charlie,10,4303.5,9.1,43035.0,39118.82,2023,8,3,Aug,2023-08
2023-08-31,North,Product A,Furniture,Alice,16,2168.74,8.0,34699.84,31923.85,2023,8,3,Aug,2023-08
2023-08-31,North,Product D,Furniture,Charlie,18,2424.73,29.0,43645.14,30988.05,2023,8,3,Aug,2023-08
2023-09-01,North,Product D,Electronics,Charlie,9,1113.41,15.8,10020.69,8437.42,2023,9,3,Sep,2023-09
2023-09-03,South,Product E,Furniture,Diana,34,3745.14,18.4,127334.76,103905.16,2023,9,3,Sep,2023-09
2023-09-04,North,Product C,Kitchen,Evan,27,3906.31,15.6,105470.37,89016.99,2023,9,3,Sep,2023-09
2023-09-04,East,Product B,Clothing,Evan,21,102.93,18.8,2161.53,1755.16,2023,9,3,Sep,2023-09
2023-09-06,North,Product D,Electronics,Evan,9,891.09,24.7,8019.81,6038.92,2023,9,3,Sep,2023-09
2023-09-06,West,Product A,Furniture,Charlie,33,2032.95,13.2,67087.35,58231.82,2023,9,3,Sep,2023-09
2023-09-07,West,Product D,Furniture,Diana,12,4798.47,17.3,57581.64,47620.02,2023,9,3,Sep,2023-09
2023-09-08,West,Product D,Kitchen,Bob,28,1594.03,19.1,44632.84,36107.97,2023,9,3,Sep,2023-09
2023-09-09,East,Product D,Furniture,Charlie,16,4320.95,5.6,69135.2,65263.63,2023,9,3,Sep,2023-09
2023-09-09,East,Product D,Furniture,Alice,30,524.86,5.1,15745.8,14942.76,2023,9,3,Sep,2023-09
2023-09-10,North,Product C,Clothing,Alice,39,4149.68,25.5,161837.52,120568.95,2023,9,3,Sep,2023-09
2023-09-10,West,Product D,Furniture,Evan,16,353.12,11.9,5649.92,4977.58,2023,9,3,Sep,2023-09
2023-09-10,Central,Product B,Sports,Charlie,32,1617.49,17.4,51759.68,42753.5,2023,9,3,Sep,2023-09
2023-09-10,East,Product D,Clothing,Alice,38,3711.95,7.2,141054.1,130898.2,2023,9,3,Sep,2023-09
2023-09-10,West,Product E,Sports,Diana,39,2778.72,4.9,108370.08,103059.95,2023,9,3,Sep,2023-09
2023-09-10,South,Product E,Kitchen,Charlie,11,3263.45,13.2,35897.95,31159.42,2023,9,3,Sep,2023-09
2023-09-11,South,Product A,Sports,Bob,25,4772.8,4.3,119320.0,114189.24,2023,9,3,Sep,2023-09
2023-09-11,Central,Product C,Electronics,Evan,25,1076.18,14.9,26904.5,22895.73,2023,9,3,Sep,2023-09
2023-09-11,Central,Product C,Clothing,Charlie,28,358.85,3.9,10047.8,9655.94,2023,9,3,Sep,2023-09
2023-09-13,East,Product B,Sports,Diana,14,2814.57,27.8,39403.98,28449.67,2023,9,3,Sep,2023-09
2023-09-13,North,Product D,Sports,Alice,29,4862.04,25.3,140999.16,105326.37,2023,9,3,Sep,2023-09
2023-09-14,South,Product E,Kitchen,Evan,13,3470.07,1.4,45110.91,44479.36,2023,9,3,Sep,2023-09
2023-09-15,East,Product B,Electronics,Charlie,11,2999.41,3.8,32993.51,31739.76,2023,9,3,Sep,2023-09
2023-09-16,Central,Product B,Electronics,Evan,39,611.13,7.5,23834.07,22046.51,2023,9,3,Sep,2023-09
2023-09-16,Central,Product A,Kitchen,Alice,9,922.29,27.7,8300.61,6001.34,2023,9,3,Sep,2023-09
2023-09-16,West,Product A,Sports,Bob,34,2112.58,5.2,71827.72,68092.68,2023,9,3,Sep,2023-09
2023-09-18,North,Product E,Kitchen,Charlie,30,2389.58,18.2,71687.4,58640.29,2023,9,3,Sep,2023-09
2023-09-20,Central,Product E,Furniture,Evan,49,164.82,24.6,8076.18,6089.44,2023,9,3,Sep,2023-09
2023-09-21,South,Product A,Sports,Evan,44,1158.55,26.9,50976.2,37263.6,2023,9,3,Sep,2023-09
2023-09-22,East,Product C,Sports,Alice,25,3190.78,21.1,79769.5,62938.14,2023,9,3,Sep,2023-09
2023-09-25,West,Product A,Clothing,Bob,42,2276.5,24.0,95613.0,72665.88,2023,9,3,Sep,2023-09
2023-09-25,South,Product E,Electronics,Alice,48,2084.35,16.4,100048.8,83640.8,2023,9,3,Sep,2023-09
2023-09-25,East,Product D,Clothing,Charlie,35,516.33,11.8,18071.55,15939.11,2023,9,3,Sep,2023-09
2023-09-26,Central,Product E,Electronics,Alice,16,2288.96,28.6,36623.36,26149.08,2023,9,3,Sep,2023-09
2023-09-27,West,Product C,Kitchen,Bob,2,3264.05,16.4,6528.1,5457.49,2023,9,3,Sep,2023-09
2023-09-28,North,Product B,Kitchen,Diana,32,198.68,11.6,6357.76,5620.26,2023,9,3,Sep,2023-09
2023-09-28,Central,Product E,Furniture,Bob,12,2601.8,2.7,31221.6,30378.62,2023,9,3,Sep,2023-09
2023-09-29,North,Product B,Kitchen,Evan,9,2419.83,5.2,21778.47,20645.99,2023,9,3,Sep,2023-09
2023-09-30,North,Product E,Furniture,Evan,23,1075.56,16.2,24737.88,20730.34,2023,9,3,Sep,2023-09
2023-09-30,North,Product C,Furniture,Bob,3,2930.3,21.7,8790.9,6883.27,2023,9,3,Sep,2023-09
2023-10-01,East,Product A,Clothing,Evan,23,2086.09,19.9,47980.07,38432.04,2023,10,4,Oct,2023-10
2023-10-01,Central,Product A,Sports,Bob,30,1133.75,16.6,34012.5,28366.42,2023,10,4,Oct,2023-10
2023-10-04,Central,Product D,Sports,Evan,22,3824.03,19.4,84128.66,67807.7,2023,10,4,Oct,2023-10
2023-10-04,South,Product E,Furniture,Bob,38,2287.0,18.7,86906.0,70654.58,2023,10,4,Oct,2023-10
2023-10-04,North,Product E,Clothing,Diana,1,815.5,4.3,815.5,780.43,2023,10,4,Oct,2023-10
2023-10-04,West,Product A,Furniture,Alice,24,1876.26,13.4,45030.24,38996.19,2023,10,4,Oct,2023-10
2023-10-04,South,Product A,Electronics,Charlie,23,1275.12,7.7,29327.76,27069.52,2023,10,4,Oct,2023-10
2023-10-06,Central,Product C,Furniture,Charlie,28,295.62,26.2,8277.36,6108.69,2023,10,4,Oct,2023-10
2023-10-07,East,Product B,Clothing,Diana,3,4563.05,16.0,13689.15,11498.89,2023,10,4,Oct,2023-10
2023-10-07,South,Product B,Sports,Evan,17,1527.67,3.2,25970.39,25139.34,2023,10,4,Oct,2023-10
2023-10-08,Central,Product D,Electronics,Alice,45,2215.85,28.1,99713.25,71693.83,2023,10,4,Oct,2023-10
2023-10-09,North,Product B,Clothing,Alice,29,4705.63,25.3,136463.27,101938.06,2023,10,4,Oct,2023-10
2023-10-09,West,Product A,Furniture,Alice,17,148.16,21.4,2518.72,1979.71,2023,10,4,Oct,2023-10
2023-10-10,West,Product E,Clothing,Evan,14,3249.7,7.7,45495.8,41992.62,2023,10,4,Oct,2023-10
2023-10-10,East,Product E,Furniture,Alice,47,4583.51,5.9,215424.97,202714.9,2023,10,4,Oct,2023-10
2023-10-11,North,Product A,Kitchen,Evan,34,1100.03,6.1,37401.02,35119.56,2023,10,4,Oct,2023-10
2023-10-12,Central,Product A,Kitchen,Bob,39,1800.31,25.0,70212.09,52659.07,2023,10,4,Oct,2023-10
2023-10-12,Central,Product B,Sports,Diana,47,3213.08,15.1,151014.76,128211.53,2023,10,4,Oct,2023-10
2023-10-15,Central,Product A,Kitchen,Bob,46,4765.11,3.3,219195.06,211961.62,2023,10,4,Oct,2023-10
2023-10-16,Central,Product C,Electronics,Diana,41,1590.06,3.8,65192.46,62715.15,2023,10,4,Oct,2023-10
2023-10-16,East,Product C,Kitchen,Charlie,13,1368.63,26.2,17792.19,13130.64,2023,10,4,Oct,2023-10
2023-10-16,North,Product A,Clothing,Diana,12,2604.46,5.5,31253.52,29534.58,2023,10,4,Oct,2023-10
2023-10-21,South,Product B,Kitchen,Evan,31,2822.19,17.9,87487.89,71827.56,2023,10,4,Oct,2023-10
2023-10-23,West,Product B,Electronics,Charlie,18,4766.7,1.7,85800.6,84341.99,2023,10,4,Oct,2023-10
2023-10-25,North,Product D,Clothing,Alice,49,927.17,5.0,45431.33,43159.76,2023,10,4,Oct,2023-10
2023-10-27,West,Product D,Furniture,Diana,42,3862.05,21.8,162206.1,126845.17,2023,10,4,Oct,2023-10
2023-10-28,Central,Product A,Furniture,Evan,2,2284.55,15.4,4569.1,3865.46,2023,10,4,Oct,2023-10
2023-10-29,East,Product A,Kitchen,Evan,26,1706.63,17.2,44372.38,36740.33,2023,10,4,Oct,2023-10
2023-10-29,West,Product A,Sports,Evan,45,703.91,3.9,31675.95,30440.59,2023,10,4,Oct,2023-10
2023-10-30,Central,Product C,Kitchen,Charlie,35,1832.02,11.6,64120.7,56682.7,2023,10,4,Oct,2023-10
2023-10-30,East,Product A,Sports,Diana,6,2253.86,14.0,13523.16,11629.92,2023,10,4,Oct,2023-10
2023-10-31,South,Product C,Clothing,Alice,28,4452.14,27.9,124659.92,89879.8,2023,10,4,Oct,2023-10
2023-11-01,West,Product C,Clothing,Alice,5,3771.91,24.3,18859.55,14276.68,2023,11,4,Nov,2023-11
2023-11-01,Central,Product A,Clothing,Evan,44,2958.21,3.6,130161.24,125475.44,2023,11,4,Nov,2023-11
2023-11-02,East,Product C,Sports,Bob,46,1467.14,15.3,67488.44,57162.71,2023,11,4,Nov,2023-11
2023-11-02,West,Product C,Sports,Bob,28,2897.18,5.7,81121.04,76497.14,2023,11,4,Nov,2023-11
2023-11-04,Central,Product A,Sports,Diana,47,547.5,19.5,25732.5,20714.66,2023,11,4,Nov,2023-11
2023-11-05,Central,Product E,Furniture,Bob,19,776.81,25.1,14759.39,11054.78,2023,11,4,Nov,2023-11
2023-11-08,North,Product C,Clothing,Bob,23,3075.89,21.6,70745.47,55464.45,2023,11,4,Nov,2023-11
2023-11-10,East,Product D,Kitchen,Alice,22,1127.48,29.5,24804.56,17487.21,2023,11,4,Nov,2023-11
2023-11-10,Central,Product A,Furniture,Bob,22,1849.21,9.3,40682.62,36899.14,2023,11,4,Nov,2023-11
2023-11-11,North,Product D,Electronics,Evan,2,3497.55,3.5,6995.1,6750.27,2023,11,4,Nov,2023-11
2023-11-12,Central,Product B,Kitchen,Charlie,28,3938.6,9.5,110280.8,99804.12,2023,11,4,Nov,2023-11
2023-11-12,South,Product B,Sports,Charlie,28,2428.03,2.6,67984.84,66217.23,2023,11,4,Nov,2023-11
2023-11-14,South,Product E,Kitchen,Evan,23,683.79,20.5,15727.17,12503.1,2023,11,4,Nov,2023-11
2023-11-15,North,Product E,Electronics,Bob,9,341.61,15.1,3074.49,2610.24,2023,11,4,Nov,2023-11
2023-11-16,South,Product B,Furniture,Bob,32,753.74,27.0,24119.68,17607.37,2023,11,4,Nov,2023-11
2023-11-16,South,Product E,Kitchen,Bob,28,2104.99,27.7,58939.72,42613.42,2023,11,4,Nov,2023-11
2023-11-17,South,Product E,Clothing,Evan,40,650.75,16.8,26030.0,21656.96,2023,11,4,Nov,2023-11
2023-11-17,South,Product B,Clothing,Diana,17,1775.06,12.3,30176.02,26464.37,2023,11,4,Nov,2023-11
2023-11-18,West,Product D,Electronics,Evan,25,350.71,2.4,8767.75,8557.32,2023,11,4,Nov,2023-11
2023-11-19,North,Product C,Clothing,Diana,23,1923.2,20.0,44233.6,35386.88,2023,11,4,Nov,2023-11
2023-11-19,North,Product B,Furniture,Charlie,6,2719.34,21.3,16316.04,12840.72,2023,11,4,Nov,2023-11
2023-11-21,Central,Product C,Kitchen,Charlie,11,4852.11,26.2,53373.21,39389.43,2023,11,4,Nov,2023-11
2023-11-22,South,Product C,Kitchen,Bob,33,3255.15,4.7,107419.95,102371.21,2023,11,4,Nov,2023-11
2023-11-22,West,Product D,Sports,Bob,7,395.11,29.0,2765.77,1963.7,2023,11,4,Nov,2023-11
2023-11-23,Central,Product A,Electronics,Charlie,22,202.94,1.6,4464.68,4393.25,2023,11,4,Nov,2023-11
2023-11-26,West,Product B,Kitchen,Evan,8,2087.66,29.1,16701.28,11841.21,2023,11,4,Nov,2023-11
2023-11-26,East,Product D,Furniture,Alice,2,3340.58,19.5,6681.16,5378.33,2023,11,4,Nov,2023-11
2023-11-27,North,Product B,Sports,Bob,29,3020.65,5.6,87598.85,82693.31,2023,11,4,Nov,2023-11
2023-11-27,East,Product E,Electronics,Alice,11,3628.77,10.2,39916.47,35844.99,2023,11,4,Nov,2023-11
2023-12-01,Central,Product B,Electronics,Charlie,20,169.56,8.2,3391.2,3113.12,2023,12,4,Dec,2023-12
2023-12-01,East,Product E,Sports,Diana,28,130.3,8.6,3648.4,3334.64,2023,12,4,Dec,2023-12
2023-12-02,North,Product C,Sports,Bob,27,3834.84,17.8,103540.68,85110.44,2023,12,4,Dec,2023-12
2023-12-03,South,Product A,Electronics,Alice,16,1672.89,15.4,26766.24,22644.24,2023,12,4,Dec,2023-12
2023-12-04,East,Product E,Furniture,Charlie,3,2768.69,2.7,8306.07,8081.81,2023,12,4,Dec,2023-12
2023-12-04,North,Product D,Sports,Evan,9,3841.23,9.6,34571.07,31252.25,2023,12,4,Dec,2023-12
2023-12-04,East,Product C,Furniture,Charlie,16,3783.94,0.5,60543.04,60240.32,2023,12,4,Dec,2023-12
2023-12-05,South,Product C,Clothing,Diana,46,825.0,7.6,37950.0,35065.8,2023,12,4,Dec,2023-12
2023-12-06,West,Product A,Furniture,Alice,43,1672.19,9.0,71904.17,65432.79,2023,12,4,Dec,2023-12
2023-12-06,Central,Product B,Kitchen,Charlie,25,4246.01,26.1,106150.25,78445.03,2023,12,4,Dec,2023-12
2023-12-07,West,Product E,Sports,Bob,26,3624.3,3.0,94231.8,91404.85,2023,12,4,Dec,2023-12
2023-12-08,West,Product A,Kitchen,Alice,41,1097.32,1.7,44990.12,44225.29,2023,12,4,Dec,2023-12
2023-12-08,South,Product B,Furniture,Charlie,45,1013.46,23.1,45605.7,35070.78,2023,12,4,Dec,2023-12
2023-12-08,East,Product E,Clothing,Bob,29,622.46,5.4,18051.34,17076.57,2023,12,4,Dec,2023-12
2023-12-10,North,Product E,Sports,Alice,39,927.41,17.4,36168.99,29875.59,2023,12,4,Dec,2023-12
2023-12-10,East,Product E,Electronics,Alice,5,4309.65,29.2,21548.25,15256.16,2023,12,4,Dec,2023-12
2023-12-12,East,Product B,Furniture,Diana,48,3781.27,1.2,181500.96,179322.95,2023,12,4,Dec,2023-12
2023-12-12,West,Product D,Electronics,Charlie,29,850.41,0.4,24661.89,24563.24,2023,12,4,Dec,2023-12
2023-12-12,West,Product D,Electronics,Bob,23,4353.1,22.5,100121.3,77594.01,2023,12,4,Dec,2023-12
2023-12-12,North,Product E,Furniture,Alice,2,3870.27,2.1,7740.54,7577.99,2023,12,4,Dec,2023-12
2023-12-12,Central,Product E,Sports,Alice,44,3937.49,29.3,173249.56,122487.44,2023,12,4,Dec,2023-12
2023-12-14,West,Product A,Furniture,Bob,42,1485.55,2.2,62393.1,61020.45,2023,12,4,Dec,2023-12
2023-12-14,West,Product C,Sports,Diana,16,4641.85,20.1,74269.6,59341.41,2023,12,4,Dec,2023-12
2023-12-14,North,Product B,Furniture,Evan,31,3614.58,22.7,112051.98,86616.18,2023,12,4,Dec,2023-12
2023-12-14,West,Product A,Sports,Alice,47,4611.39,4.3,216735.33,207415.71,2023,12,4,Dec,2023-12
2023-12-15,South,Product E,Furniture,Bob,23,129.63,18.9,2981.49,2417.99,2023,12,4,Dec,2023-12
2023-12-15,Central,Product C,Sports,Evan,42,1560.52,15.1,65541.84,55645.02,2023,12,4,Dec,2023-12
2023-12-16,South,Product A,Furniture,Charlie,40,3087.44,12.7,123497.6,107813.4,2023,12,4,Dec,2023-12
2023-12-16,West,Product B,Clothing,Bob,35,1805.45,1.8,63190.75,62053.32,2023,12,4,Dec,2023-12
2023-12-16,West,Product E,Kitchen,Diana,35,866.17,18.1,30315.95,24828.76,2023,12,4,Dec,2023-12
2023-12-16,South,Product C,Clothing,Charlie,11,2672.74,24.2,29400.14,22285.31,2023,12,4,Dec,2023-12
2023-12-20,East,Product C,Sports,Evan,13,3733.97,0.2,48541.61,48444.53,2023,12,4,Dec,2023-12
2023-12-23,South,Product E,Furniture,Evan,9,3657.82,21.6,32920.38,25809.58,2023,12,4,Dec,2023-12
2023-12-24,West,Product B,Kitchen,Diana,44,288.16,26.0,12679.04,9382.49,2023,12,4,Dec,2023-12
2023-12-25,Central,Product A,Electronics,Diana,32,689.78,24.6,22072.96,16643.01,2023,12,4,Dec,2023-12
2023-12-26,East,Product B,Sports,Diana,2,1984.13,19.9,3968.26,3178.58,2023,12,4,Dec,2023-12
2023-12-27,East,Product E,Kitchen,Evan,31,3718.88,7.3,115285.28,106869.45,2023,12,4,Dec,2023-12
2023-12-29,West,Product A,Kitchen,Evan,23,3021.1,23.2,69485.3,53364.71,2023,12,4,Dec,2023-12
2023-12-31,North,Product E,Furniture,Bob,21,1063.77,18.8,22339.17,18139.41,2023,12,4,Dec,2023-12
2023-12-31,West,Product D,Sports,Diana,39,738.73,29.6,28810.47,20282.57,2023,12,4,Dec,2023-12
2023-12-31,Central,Product B,Furniture,Charlie,25,4918.37,28.4,122959.25,88038.82,2023,12,4,Dec,2023-12
2024-01-02,North,Product D,Electronics,Alice,14,4785.83,13.5,67001.62,57956.4,2024,1,1,Jan,2024-01
2024-01-02,North,Product E,Electronics,Diana,49,4630.74,3.4,226906.26,219191.45,2024,1,1,Jan,2024-01
2024-01-04,East,Product C,Electronics,Alice,14,4235.57,1.6,59297.98,58349.21,2024,1,1,Jan,2024-01
2024-01-04,East,Product E,Furniture,Charlie,30,4885.43,2.7,146562.9,142605.7,2024,1,1,Jan,2024-01
2024-01-04,South,Product D,Kitchen,Alice,45,4305.78,2.1,193760.1,189691.14,2024,1,1,Jan,2024-01
2024-01-05,Central,Product D,Kitchen,Charlie,35,704.9,1.5,24671.5,24301.43,2024,1,1,Jan,2024-01
2024-01-08,West,Product A,Clothing,Bob,25,2161.61,2.8,54040.25,52527.12,2024,1,1,Jan,2024-01
2024-01-08,East,Product A,Clothing,Evan,4,2154.74,27.3,8618.96,6265.98,2024,1,1,Jan,2024-01
2024-01-08,East,Product D,Clothing,Bob,36,494.85,7.4,17814.6,16496.32,2024,1,1,Jan,2024-01
2024-01-08,West,Product C,Electronics,Charlie,32,341.18,8.4,10917.76,10000.67,2024,1,1,Jan,2024-01
2024-01-09,South,Product D,Furniture,Diana,47,3883.54,15.1,182526.38,154964.9,2024,1,1,Jan,2024-01
2024-01-09,West,Product A,Electronics,Bob,44,641.96,17.1,28246.24,23416.13,2024,1,1,Jan,2024-01
2024-01-09,South,Product E,Electronics,Alice,35,1559.51,2.0,54582.85,53491.19,2024,1,1,Jan,2024-01
2024-01-10,North,Product E,Sports,Bob,37,827.68,7.0,30624.16,28480.47,2024,1,1,Jan,2024-01
2024-01-11,East,Product B,Sports,Charlie,11,466.99,13.4,5136.89,4448.55,2024,1,1,Jan,2024-01
2024-01-12,Central,Product C,Sports,Bob,25,3854.6,15.8,96365.0,81139.33,2024,1,1,Jan,2024-01
2024-01-12,East,Product C,Sports,Charlie,6,101.11,19.3,606.66,489.57,2024,1,1,Jan,2024-01
2024-01-14,West,Product B,Furniture,Bob,13,3061.13,3.2,39794.69,38521.26,2024,1,1,Jan,2024-01
2024-01-15,East,Product C,Sports,Evan,38,1738.77,24.4,66073.26,49951.38,2024,1,1,Jan,2024-01
2024-01-15,South,Product B,Clothing,Alice,47,4306.68,9.8,202413.96,182577.39,2024,1,1,Jan,2024-01
2024-01-19,East,Product C,Furniture,Evan,22,3813.11,8.0,83888.42,77177.35,2024,1,1,Jan,2024-01
2024-01-20,South,Product A,Clothing,Evan,3,345.86,13.0,1037.58,902.69,2024,1,1,Jan,2024-01
2024-01-20,East,Product B,Furniture,Alice,32,4301.9,7.6,137660.8,127198.58,2024,1,1,Jan,2024-01
2024-01-20,East,Product D,Kitchen,Evan,38,1176.21,3.9,44695.98,42952.84,2024,1,1,Jan,2024-01
2024-01-21,East,Product C,Electronics,Charlie,21,2925.07,4.7,61426.47,58539.43,2024,1,1,Jan,2024-01
2024-01-21,Central,Product C,Furniture,Charlie,31,2593.58,23.4,80400.98,61587.15,2024,1,1,Jan,2024-01
2024-01-21,North,Product E,Sports,Evan,41,1359.61,21.5,55744.01,43759.05,2024,1,1,Jan,2024-01
2024-01-21,West,Product D,Furniture,Alice,6,1271.43,24.7,7628.58,5744.32,2024,1,1,Jan,2024-01
2024-01-22,North,Product D,Clothing,Diana,35,4321.08,27.3,151237.8,109949.88,2024,1,1,Jan,2024-01
2024-01-22,North,Product B,Sports,Charlie,30,1997.39,6.3,59921.7,56146.63,2024,1,1,Jan,2024-01
2024-01-23,Central,Product E,Clothing,Alice,48,4063.25,26.3,195036.0,143741.53,2024,1,1,Jan,2024-01
2024-01-23,South,Product C,Kitchen,Charlie,30,1418.89,21.5,42566.7,33414.86,2024,1,1,Jan,2024-01
2024-01-24,Central,Product A,Sports,Diana,36,2934.85,5.8,105654.6,99526.63,2024,1,1,Jan,2024-01
2024-01-25,East,Product A,Sports,Alice,15,2832.67,4.7,42490.05,40493.02,2024,1,1,Jan,2024-01
2024-01-25,South,Product A,Furniture,Evan,10,1582.08,16.5,15820.8,13210.37,2024,1,1,Jan,2024-01
2024-01-27,East,Product D,Clothing,Diana,25,3567.34,24.0,89183.5,67779.46,2024,1,1,Jan,2024-01
2024-01-27,Central,Product E,Electronics,Bob,24,4596.47,0.6,110315.28,109653.39,2024,1,1,Jan,2024-01
2024-01-27,Central,Product E,Clothing,Bob,47,2789.66,25.8,131114.02,97286.6,2024,1,1,Jan,2024-01
2024-01-28,South,Product D,Kitchen,Charlie,29,3871.76,24.7,112281.04,84547.62,2024,1,1,Jan,2024-01
2024-01-28,North,Product A,Clothing,Evan,29,2026.3,22.8,58762.7,45364.8,2024,1,1,Jan,2024-01
2024-01-28,North,Product E,Furniture,Diana,47,3806.61,21.7,178910.67,140087.05,2024,1,1,Jan,2024-01
2024-01-28,East,Product A,Sports,Evan,44,1212.19,20.2,53336.36,42562.42,2024,1,1,Jan,2024-01
2024-01-29,West,Product D,Kitchen,Diana,23,2574.07,13.7,59203.61,51092.72,2024,1,1,Jan,2024-01
2024-01-29,West,Product A,Kitchen,Alice,20,1896.73,18.5,37934.6,30916.7,2024,1,1,Jan,2024-01
2024-01-31,East,Product D,Clothing,Evan,7,3090.78,23.6,21635.46,16529.49,2024,1,1,Jan,2024-01
2024-01-31,North,Product A,Clothing,Evan,42,4338.85,11.3,182231.7,161639.52,2024,1,1,Jan,2024-01
2024-02-01,South,Product A,Sports,Evan,4,4671.05,12.1,18684.2,16423.41,2024,2,1,Feb,2024-02
2024-02-01,East,Product D,Clothing,Charlie,45,1897.31,14.8,85378.95,72742.87,2024,2,1,Feb,2024-02
2024-02-02,East,Product D,Furniture,Diana,2,1040.88,22.9,2081.76,1605.04,2024,2,1,Feb,2024-02
2024-02-02,North,Product E,Furniture,Diana,4,3447.26,19.1,13789.04,11155.33,2024,2,1,Feb,2024-02
2024-02-02,South,Product C,Kitchen,Evan,37,3899.98,4.3,144299.26,138094.39,2024,2,1,Feb,2024-02
2024-02-04,Central,Product C,Clothing,Alice,19,4257.51,0.6,80892.69,80407.33,2024,2,1,Feb,2024-02
2024-02-05,Central,Product D,Kitchen,Charlie,23,504.6,28.5,11605.8,8298.15,2024,2,1,Feb,2024-02
2024-02-05,West,Product D,Kitchen,Charlie,26,2713.29,27.6,70545.54,51074.97,2024,2,1,Feb,2024-02
2024-02-05,South,Product E,Kitchen,Charlie,31,4060.51,15.5,125875.81,106365.06,2024,2,1,Feb,2024-02
2024-02-05,West,Product D,Sports,Alice,12,1016.91,12.2,12202.92,10714.16,2024,2,1,Feb,2024-02
2024-02-06,West,Product A,Furniture,Bob,21,3482.58,22.8,73134.18,56459.59,2024,2,1,Feb,2024-02
2024-02-06,West,Product A,Sports,Diana,38,1838.51,11.0,69863.38,62178.41,2024,2,1,Feb,2024-02
2024-02-07,East,Product B,Sports,Charlie,16,577.1,2.0,9233.6,9048.93,2024,2,1,Feb,2024-02
2024-02-07,West,Product B,Clothing,Evan,39,2572.06,15.9,100310.34,84361.0,2024,2,1,Feb,2024-02
2024-02-07,South,Product A,Kitchen,Alice,4,905.01,4.1,3620.04,3471.62,2024,2,1,Feb,2024-02
2024-02-08,North,Product C,Kitchen,Charlie,16,4002.56,29.9,64040.96,44892.71,2024,2,1,Feb,2024-02
2024-02-09,South,Product C,Sports,Evan,45,573.8,29.0,25821.0,18332.91,2024,2,1,Feb,2024-02
2024-02-09,Central,Product D,Furniture,Bob,24,4838.15,22.3,116115.6,90221.82,2024,2,1,Feb,2024-02
2024-02-11,South,Product D,Kitchen,Bob,36,4408.47,8.6,158704.92,145056.3,2024,2,1,Feb,2024-02
2024-02-11,North,Product B,Kitchen,Charlie,27,2577.05,13.4,69580.35,60256.58,2024,2,1,Feb,2024-02
2024-02-12,South,Product C,Furniture,Bob,14,2496.34,11.7,34948.76,30859.76,2024,2,1,Feb,2024-02
2024-02-12,North,Product C,Sports,Alice,6,1904.43,26.8,11426.58,8364.26,2024,2,1,Feb,2024-02
2024-02-13,West,Product B,Sports,Evan,27,1948.29,28.4,52603.83,37664.34,2024,2,1,Feb,2024-02
2024-02-14,South,Product D,Furniture,Charlie,34,4188.19,6.8,142398.46,132715.36,2024,2,1,Feb,2024-02
2024-02-15,North,Product B,Sports,Alice,5,4651.16,16.1,23255.8,19511.62,2024,2,1,Feb,2024-02
2024-02-17,West,Product E,Clothing,Charlie,46,2202.83,10.7,101330.18,90487.85,2024,2,1,Feb,2024-02
2024-02-18,Central,Product E,Furniture,Diana,22,3406.98,2.0,74953.56,73454.49,2024,2,1,Feb,2024-02
2024-02-19,South,Product D,Clothing,Bob,4,3029.26,11.7,12117.04,10699.35,2024,2,1,Feb,2024-02
2024-02-19,East,Product B,Kitchen,Evan,36,2737.98,5.9,98567.28,92751.81,2024,2,1,Feb,2024-02
2024-02-19,North,Product E,Kitchen,Diana,27,4312.26,12.5,116431.02,101877.14,2024,2,1,Feb,2024-02
2024-02-20,Central,Product C,Kitchen,Charlie,11,4154.87,11.3,45703.57,40539.07,2024,2,1,Feb,2024-02
2024-02-21,Central,Product B,Electronics,Diana,8,3325.71,14.8,26605.68,22668.04,2024,2,1,Feb,2024-02
2024-02-22,West,Product E,Kitchen,Diana,16,3729.25,9.2,59668.0,54178.54,2024,2,1,Feb,2024-02
2024-02-23,South,Product A,Kitchen,Charlie,40,3629.88,18.9,145195.2,117753.31,2024,2,1,Feb,2024-02
2024-02-24,Central,Product D,Sports,Evan,28,620.19,29.0,17365.32,12329.38,2024,2,1,Feb,2024-02
2024-02-24,East,Product A,Furniture,Alice,34,295.08,18.1,10032.72,8216.8,2024,2,1,Feb,2024-02
2024-02-26,North,Product D,Sports,Evan,32,1442.54,18.9,46161.28,37436.8,2024,2,1,Feb,2024-02
2024-02-26,East,Product D,Sports,Alice,43,4729.07,22.3,203350.01,158002.96,2024,2,1,Feb,2024-02
2024-02-26,East,Product B,Clothing,Alice,48,2395.93,11.2,115004.64,102124.12,2024,2,1,Feb,2024-02
2024-02-29,Central,Product D,Kitchen,Diana,23,3467.45,19.7,79751.35,64040.33,2024,2,1,Feb,2024-02
2024-03-02,North,Product E,Electronics,Bob,28,4045.35,28.5,113269.8,80987.91,2024,3,1,Mar,2024-03
2024-03-03,Central,Product A,Clothing,Bob,46,1762.28,2.3,81064.88,79200.39,2024,3,1,Mar,2024-03
2024-03-07,East,Product C,Sports,Alice,48,4770.29,25.7,228973.92,170127.62,2024,3,1,Mar,2024-03
2024-03-10,South,Product D,Electronics,Evan,9,3901.8,7.0,35116.2,32658.07,2024,3,1,Mar,2024-03
2024-03-10,Central,Product B,Electronics,Bob,18,1585.78,15.3,28544.04,24176.8,2024,3,1,Mar,2024-03
2024-03-10,East,Product A,Electronics,Charlie,27,4072.35,7.4,109953.45,101816.89,2024,3,1,Mar,2024-03
2024-03-10,South,Product E,Sports,Charlie,13,910.95,24.1,11842.35,8988.34,2024,3,1,Mar,2024-03
2024-03-11,North,Product B,Furniture,Charlie,40,4670.49,7.8,186819.6,172247.67,2024,3,1,Mar,2024-03
2024-03-12,Central,Product C,Furniture,Charlie,3,207.05,9.6,621.15,561.52,2024,3,1,Mar,2024-03
2024-03-12,South,Product B,Kitchen,Charlie,6,4076.97,17.8,24461.82,20107.62,2024,3,1,Mar,2024-03
2024-03-13,North,Product E,Clothing,Evan,17,2941.16,0.9,49999.72,49549.72,2024,3,1,Mar,2024-03
2024-03-13,West,Product B,Electronics,Evan,46,1569.5,12.5,72197.0,63172.38,2024,3,1,Mar,2024-03
2024-03-14,Central,Product C,Electronics,Alice,4,1608.31,4.4,6433.24,6150.18,2024,3,1,Mar,2024-03
2024-03-16,Central,Product A,Electronics,Evan,19,753.09,1.6,14308.71,14079.77,2024,3,1,Mar,2024-03
2024-03-16,East,Product D,Kitchen,Alice,44,923.3,5.7,40625.2,38309.56,2024,3,1,Mar,2024-03
2024-03-17,West,Product A,Furniture,Charlie,4,4031.77,20.6,16127.08,12804.9,2024,3,1,Mar,2024-03
2024-03-17,South,Product D,Kitchen,Evan,31,1960.71,7.1,60782.01,56466.49,2024,3,1,Mar,2024-03
2024-03-18,Central,Product A,Electronics,Bob,41,1713.96,15.5,70272.36,59380.14,2024,3,1,Mar,2024-03
2024-03-19,North,Product A,Clothing,Diana,1,3768.18,23.2,3768.18,2893.96,2024,3,1,Mar,2024-03
2024-03-20,Central,Product B,Kitchen,Diana,47,3043.88,27.7,143062.36,103434.09,2024,3,1,Mar,2024-03
2024-03-20,South,Product D,Kitchen,Charlie,18,4574.83,9.6,82346.94,74441.63,2024,3,1,Mar,2024-03
2024-03-21,South,Product D,Kitchen,Diana,44,4448.38,15.8,195728.72,164803.58,2024,3,1,Mar,2024-03
2024-03-21,North,Product E,Clothing,Charlie,3,4583.98,21.4,13751.94,10809.02,2024,3,1,Mar,2024-03
2024-03-22,Central,Product C,Electronics,Alice,32,4747.01,19.4,151904.32,122434.88,2024,3,1,Mar,2024-03
2024-03-22,North,Product E,Clothing,Bob,19,4361.28,4.7,82864.32,78969.7,2024,3,1,Mar,2024-03
2024-03-24,South,Product B,Clothing,Bob,1,4480.27,24.3,4480.27,3391.56,2024,3,1,Mar,2024-03
2024-03-25,West,Product D,Sports,Diana,3,1525.3,29.4,4575.9,3230.59,2024,3,1,Mar,2024-03
2024-03-25,West,Product C,Sports,Charlie,39,3055.9,1.9,119180.1,116915.68,2024,3,1,Mar,2024-03
2024-03-26,Central,Product A,Kitchen,Evan,6,1880.68,8.9,11284.08,10279.8,2024,3,1,Mar,2024-03
2024-03-28,South,Product C,Sports,Charlie,10,1515.95,13.4,15159.5,13128.13,2024,3,1,Mar,2024-03
2024-03-28,South,Product B,Furniture,Evan,8,2842.75,16.4,22742.0,19012.31,2024,3,1,Mar,2024-03
2024-03-28,Central,Product C,Sports,Diana,22,4024.6,10.8,88541.2,78978.75,2024,3,1,Mar,2024-03
2024-03-30,West,Product D,Kitchen,Diana,42,2332.68,19.8,97972.56,78573.99,2024,3,1,Mar,2024-03
2024-03-30,Central,Product D,Kitchen,Bob,42,1945.71,13.8,81719.82,70442.48,2024,3,1,Mar,2024-03
2024-03-31,South,Product D,Sports,Alice,18,3647.74,19.7,65659.32,52724.43,2024,3,1,Mar,2024-03
2024-03-31,East,Product A,Kitchen,Bob,18,4010.19,4.7,72183.42,68790.8,2024,3,1,Mar,2024-03
2024-03-31,South,Product D,Sports,Bob,42,687.77,22.7,28886.34,22329.14,2024,3,1,Mar,2024-03
2024-04-01,West,Product A,Clothing,Charlie,41,4477.19,23.3,183564.79,140794.19,2024,4,2,Apr,2024-04
2024-04-01,Central,Product A,Electronics,Evan,28,3866.86,22.8,108272.08,83586.05,2024,4,2,Apr,2024-04
2024-04-02,North,Product D,Clothing,Charlie,7,2198.92,21.7,15392.44,12052.28,2024,4,2,Apr,2024-04
2024-04-03,North,Product D,Electronics,Bob,43,1507.38,29.9,64817.34,45436.96,2024,4,2,Apr,2024-04
2024-04-04,Central,Product C,Electronics,Alice,20,2112.34,19.5,42246.8,34008.67,2024,4,2,Apr,2024-04
2024-04-04,East,Product E,Sports,Diana,15,3214.66,13.3,48219.9,41806.65,2024,4,2,Apr,2024-04
2024-04-05,West,Product A,Electronics,Charlie,8,977.9,22.9,7823.2,6031.69,2024,4,2,Apr,2024-04
2024-04-05,North,Product C,Furniture,Diana,42,2144.1,25.1,90052.2,67449.1,2024,4,2,Apr,2024-04
2024-04-05,South,Product D,Furniture,Diana,47,4881.32,19.4,229422.04,184914.16,2024,4,2,Apr,2024-04
2024-04-06,North,Product A,Electronics,Alice,16,3193.74,5.3,51099.84,48391.55,2024,4,2,Apr,2024-04
2024-04-06,East,Product B,Clothing,Charlie,18,1629.11,17.5,29323.98,24192.28,2024,4,2,Apr,2024-04
2024-04-08,Central,Product C,Kitchen,Alice,2,1558.49,27.5,3116.98,2259.81,2024,4,2,Apr,2024-04
2024-04-10,West,Product C,Electronics,Alice,46,144.53,7.4,6648.38,6156.4,2024,4,2,Apr,2024-04
2024-04-11,South,Product E,Clothing,Charlie,3,4665.53,8.3,13996.59,12834.87,2024,4,2,Apr,2024-04
2024-04-12,South,Product A,Clothing,Alice,45,1241.01,14.2,55845.45,47915.4,2024,4,2,Apr,2024-04
2024-04-13,South,Product D,Clothing,Evan,38,1323.75,9.0,50302.5,45775.28,2024,4,2,Apr,2024-04
2024-04-14,Central,Product A,Furniture,Evan,26,1407.29,24.3,36589.54,27698.28,2024,4,2,Apr,2024-04
2024-04-14,West,Product A,Sports,Diana,12,1844.19,22.0,22130.28,17261.62,2024,4,2,Apr,2024-04
2024-04-15,West,Product C,Electronics,Alice,23,3990.28,29.0,91776.44,65161.27,2024,4,2,Apr,2024-04
2024-04-15,West,Product E,Electronics,Evan,24,136.03,25.3,3264.72,2438.75,2024,4,2,Apr,2024-04
2024-04-16,East,Product C,Kitchen,Bob,27,2429.83,6.2,65605.41,61537.87,2024,4,2,Apr,2024-04
2024-04-16,East,Product B,Clothing,Bob,42,1240.37,4.9,52095.54,49542.86,2024,4,2,Apr,2024-04
2024-04-17,Central,Product E,Furniture,Evan,9,2021.87,7.1,18196.83,16904.86,2024,4,2,Apr,2024-04
2024-04-17,Central,Product D,Clothing,Evan,36,1790.58,3.1,64460.88,62462.59,2024,4,2,Apr,2024-04
2024-04-17,South,Product D,Kitchen,Diana,3,4781.7,29.4,14345.1,10127.64,2024,4,2,Apr,2024-04
2024-04-18,North,Product B,Kitchen,Bob,20,3667.77,17.0,73355.4,60884.98,2024,4,2,Apr,2024-04
2024-04-18,West,Product E,Sports,Diana,26,2233.44,25.6,58069.44,43203.66,2024,4,2,Apr,2024-04
2024-04-18,Central,Product D,Furniture,Alice,44,2769.53,1.9,121859.32,119543.99,2024,4,2,Apr,2024-04
2024-04-18,North,Product A,Clothing,Charlie,22,1616.4,14.0,35560.8,30582.29,2024,4,2,Apr,2024-04
2024-04-19,North,Product A,Sports,Alice,43,3154.56,21.0,135646.08,107160.4,2024,4,2,Apr,2024-04
2024-04-19,North,Product B,Sports,Bob,42,1586.59,10.9,66636.78,59373.37,2024,4,2,Apr,2024-04
2024-04-20,South,Product D,Electronics,Bob,23,4831.63,1.7,111127.49,109238.32,2024,4,2,Apr,2024-04
2024-04-20,West,Product C,Sports,Bob,23,1480.94,4.3,34061.62,32596.97,2024,4,2,Apr,2024-04
2024-04-20,West,Product C,Clothing,Evan,37,1103.53,20.8,40830.61,32337.84,2024,4,2,Apr,2024-04
2024-04-21,North,Product A,Kitchen,Bob,33,1279.94,5.8,42238.02,39788.21,2024,4,2,Apr,2024-04
2024-04-21,West,Product B,Clothing,Charlie,11,3846.79,27.3,42314.69,30762.78,2024,4,2,Apr,2024-04
2024-04-21,South,Product C,Clothing,Evan,27,1776.45,9.9,47964.15,43215.7,2024,4,2,Apr,2024-04
2024-04-25,East,Product D,Sports,Charlie,12,2398.3,18.8,28779.6,23369.04,2024,4,2,Apr,2024-04
2024-04-25,North,Product D,Sports,Bob,32,2733.95,2.2,87486.4,85561.7,2024,4,2,Apr,2024-04
2024-04-28,West,Product C,Electronics,Bob,27,1782.05,4.5,48115.35,45950.16,2024,4,2,Apr,2024-04
2024-04-29,East,Product E,Kitchen,Charlie,37,4411.58,9.3,163228.46,148048.21,2024,4,2,Apr,2024-04
2024-04-29,Central,Product C,Furniture,Diana,15,1166.18,0.6,17492.7,17387.74,2024,4,2,Apr,2024-04
2024-04-29,Central,Product A,Electronics,Evan,19,2194.59,10.8,41697.21,37193.91,2024,4,2,Apr,2024-04
2024-05-02,East,Product C,Kitchen,Evan,10,1745.5,10.9,17455.0,15552.4,2024,5,2,May,2024-05
2024-05-02,South,Product D,Electronics,Diana,45,3026.83,4.5,136207.35,130078.02,2024,5,2,May,2024-05
2024-05-03,West,Product D,Kitchen,Charlie,43,4556.2,8.2,195916.6,179851.44,2024,5,2,May,2024-05
2024-05-04,South,Product C,Furniture,Diana,43,2358.4,24.4,101411.2,76666.87,2024,5,2,May,2024-05
2024-05-04,South,Product C,Kitchen,Charlie,17,343.07,7.4,5832.19,5400.61,2024,5,2,May,2024-05
2024-05-06,Central,Product C,Clothing,Bob,27,743.31,28.4,20069.37,14369.67,2024,5,2,May,2024-05
2024-05-06,North,Product C,Sports,Evan,32,2550.29,29.3,81609.28,57697.76,2024,5,2,May,2024-05
2024-05-07,South,Product E,Sports,Evan,47,745.27,10.5,35027.69,31349.78,2024,5,2,May,2024-05
2024-05-07,East,Product E,Furniture,Charlie,49,1259.39,16.3,61710.11,51651.36,2024,5,2,May,2024-05
2024-05-10,Central,Product A,Furniture,Charlie,48,1124.58,12.2,53979.84,47394.3,2024,5,2,May,2024-05
2024-05-11,Central,Product A,Furniture,Evan,32,2470.92,16.3,79069.44,66181.12,2024,5,2,May,2024-05
2024-05-11,West,Product B,Electronics,Alice,38,1040.91,12.8,39554.58,34491.59,2024,5,2,May,2024-05
2024-05-11,South,Product C,Furniture,Bob,7,2019.87,29.6,14139.09,9953.92,2024,5,2,May,2024-05
2024-05-13,West,Product B,Electronics,Bob,8,924.57,3.9,7396.56,7108.09,2024,5,2,May,2024-05
2024-05-13,West,Product C,Kitchen,Bob,46,279.89,23.8,12874.94,9810.7,2024,5,2,May,2024-05
2024-05-14,East,Product D,Sports,Charlie,4,3868.4,4.3,15473.6,14808.24,2024,5,2,May,2024-05
2024-05-15,Central,Product C,Sports,Diana,11,2638.25,1.1,29020.75,28701.52,2024,5,2,May,2024-05
2024-05-16,South,Product C,Sports,Diana,32,4328.5,12.0,138512.0,121890.56,2024,5,2,May,2024-05
2024-05-17,Central,Product C,Kitchen,Charlie,16,1878.62,25.5,30057.92,22393.15,2024,5,2,May,2024-05
2024-05-17,South,Product E,Electronics,Alice,11,4938.11,14.7,54319.21,46334.29,2024,5,2,May,2024-05
2024-05-17,Central,Product A,Clothing,Alice,45,1561.54,6.4,70269.3,65772.06,2024,5,2,May,2024-05
2024-05-18,Central,Product C,Sports,Evan,34,1364.73,25.6,46400.82,34522.21,2024,5,2,May,2024-05
2024-05-18,East,Product E,Clothing,Charlie,36,4696.51,0.3,169074.36,168567.14,2024,5,2,May,2024-05
2024-05-19,North,Product B,Furniture,Diana,23,2571.83,2.0,59152.09,57969.05,2024,5,2,May,2024-05
2024-05-19,Central,Product B,Clothing,Charlie,10,4916.44,12.1,49164.4,43215.51,2024,5,2,May,2024-05
2024-05-20,South,Product D,Electronics,Bob,18,1658.39,1.6,29851.02,29373.4,2024,5,2,May,2024-05
2024-05-20,West,Product C,Furniture,Alice,13,4223.95,3.4,54911.35,53044.36,2024,5,2,May,2024-05
2024-05-20,South,Product A,Kitchen,Diana,43,4556.79,20.5,195941.97,155773.87,2024,5,2,May,2024-05
2024-05-20,West,Product D,Clothing,Alice,22,2232.79,2.8,49121.38,47745.98,2024,5,2,May,2024-05
2024-05-22,East,Product B,Furniture,Diana,32,3723.95,16.9,119166.4,99027.28,2024,5,2,May,2024-05
2024-05-22,South,Product C,Furniture,Charlie,6,928.89,16.2,5573.34,4670.46,2024,5,2,May,2024-05
2024-05-22,Central,Product D,Furniture,Alice,12,3616.61,19.5,43399.32,34936.45,2024,5,2,May,2024-05
2024-05-23,East,Product D,Furniture,Diana,30,405.91,20.1,12177.3,9729.66,2024,5,2,May,2024-05
2024-05-24,North,Product D,Furniture,Diana,40,977.57,26.2,39102.8,28857.87,2024,5,2,May,2024-05
2024-05-24,South,Product C,Sports,Diana,30,3410.38,3.2,102311.4,99037.44,2024,5,2,May,2024-05
2024-05-25,West,Product D,Kitchen,Diana,30,2870.54,18.8,86116.2,69926.35,2024,5,2,May,2024-05
2024-05-25,South,Product D,Kitchen,Alice,9,3852.71,21.0,34674.39,27392.77,2024,5,2,May,2024-05
2024-05-25,West,Product A,Kitchen,Alice,28,4391.93,8.1,122974.04,113013.14,2024,5,2,May,2024-05
2024-05-25,West,Product E,Electronics,Charlie,19,700.24,28.9,13304.56,9459.54,2024,5,2,May,2024-05
2024-05-25,South,Product D,Electronics,Bob,21,4920.19,26.0,103323.99,76459.75,2024,5,2,May,2024-05
2024-05-25,West,Product D,Furniture,Evan,43,900.44,2.3,38718.92,37828.38,2024,5,2,May,2024-05
2024-05-26,Central,Product B,Clothing,Evan,14,224.21,24.0,3138.94,2385.59,2024,5,2,May,2024-05
2024-05-26,East,Product D,Sports,Diana,28,2225.1,7.0,62302.8,57941.6,2024,5,2,May,2024-05
2024-05-27,North,Product C,Kitchen,Evan,35,3277.48,15.0,114711.8,97505.03,2024,5,2,May,2024-05
2024-05-27,North,Product C,Sports,Diana,41,2898.88,8.4,118854.08,108870.34,2024,5,2,May,2024-05
2024-05-27,West,Product B,Kitchen,Charlie,18,3357.22,17.4,60429.96,49915.15,2024,5,2,May,2024-05
2024-05-30,North,Product D,Sports,Diana,2,3345.36,11.5,6690.72,5921.29,2024,5,2,May,2024-05
2024-05-30,Central,Product A,Furniture,Alice,26,3665.39,3.8,95300.14,91678.73,2024,5,2,May,2024-05
2024-05-30,South,Product D,Sports,Charlie,36,638.33,14.4,22979.88,19670.78,2024,5,2,May,2024-05
2024-05-31,South,Product D,Clothing,Evan,37,3121.45,4.6,115493.65,110180.94,2024,5,2,May,2024-05
2024-06-01,South,Product B,Electronics,Evan,8,3630.24,13.6,29041.92,25092.22,2024,6,2,Jun,2024-06
2024-06-01,South,Product E,Clothing,Evan,20,821.1,27.4,16422.0,11922.37,2024,6,2,Jun,2024-06
2024-06-01,South,Product A,Furniture,Bob,37,398.44,19.4,14742.28,11882.28,2024,6,2,Jun,2024-06
2024-06-02,West,Product E,Kitchen,Alice,18,4553.25,1.5,81958.5,80729.12,2024,6,2,Jun,2024-06
2024-06-03,East,Product D,Kitchen,Diana,18,935.27,24.9,16834.86,12642.98,2024,6,2,Jun,2024-06
2024-06-04,South,Product A,Kitchen,Diana,4,4377.91,18.8,17511.64,14219.45,2024,6,2,Jun,2024-06
2024-06-05,South,Product A,Kitchen,Charlie,19,1583.6,18.7,30088.4,24461.87,2024,6,2,Jun,2024-06
2024-06-07,North,Product A,Electronics,Alice,22,2889.11,12.4,63560.42,55678.93,2024,6,2,Jun,2024-06
2024-06-08,East,Product D,Sports,Evan,30,2166.39,5.9,64991.7,61157.19,2024,6,2,Jun,2024-06
2024-06-08,North,Product B,Sports,Diana,2,3349.42,16.9,6698.84,5566.74,2024,6,2,Jun,2024-06
2024-06-08,North,Product D,Clothing,Alice,40,1146.36,12.9,45854.4,39939.18,2024,6,2,Jun,2024-06
2024-06-08,Central,Product C,Electronics,Evan,15,1823.08,22.0,27346.2,21330.04,2024,6,2,Jun,2024-06
2024-06-09,West,Product E,Kitchen,Diana,1,3438.28,8.0,3438.28,3163.22,2024,6,2,Jun,2024-06
2024-06-09,North,Product C,Furniture,Alice,44,1042.06,29.7,45850.64,32233.0,2024,6,2,Jun,2024-06
2024-06-09,Central,Product B,Furniture,Alice,31,4433.28,29.6,137431.68,96751.9,2024,6,2,Jun,2024-06
2024-06-14,West,Product A,Furniture,Diana,23,3781.97,0.7,86985.31,86376.41,2024,6,2,Jun,2024-06
2024-06-15,West,Product E,Clothing,Evan,18,2424.11,21.2,43633.98,34383.58,2024,6,2,Jun,2024-06
2024-06-15,Central,Product A,Electronics,Bob,18,2690.67,2.0,48432.06,47463.42,2024,6,2,Jun,2024-06
2024-06-17,Central,Product E,Electronics,Bob,44,2283.04,16.7,100453.76,83677.98,2024,6,2,Jun,2024-06
2024-06-20,Central,Product D,Furniture,Bob,24,1519.67,25.2,36472.08,27281.12,2024,6,2,Jun,2024-06
2024-06-21,North,Product E,Clothing,Diana,40,2279.78,29.6,91191.2,64198.6,2024,6,2,Jun,2024-06
2024-06-23,Central,Product B,Furniture,Evan,9,4836.86,5.2,43531.74,41268.09,2024,6,2,Jun,2024-06
2024-06-24,East,Product B,Sports,Diana,6,1324.87,8.8,7949.22,7249.69,2024,6,2,Jun,2024-06
2024-06-25,South,Product B,Clothing,Bob,28,1362.4,29.4,38147.2,26931.92,2024,6,2,Jun,2024-06
2024-06-26,North,Product C,Sports,Diana,49,1735.51,3.9,85039.99,81723.43,2024,6,2,Jun,2024-06
2024-06-28,South,Product B,Sports,Bob,49,2644.63,28.1,129586.87,93172.96,2024,6,2,Jun,2024-06
2024-06-29,East,Product D,Electronics,Charlie,24,4281.25,28.4,102750.0,73569.0,2024,6,2,Jun,2024-06
2024-06-29,North,Product B,Kitchen,Alice,18,3618.27,29.7,65128.86,45785.59,2024,6,2,Jun,2024-06
2024-06-30,North,Product E,Sports,Diana,45,4430.05,14.6,199352.25,170246.82,2024,6,2,Jun,2024-06
2024-06-30,North,Product D,Sports,Diana,30,4810.94,5.0,144328.2,137111.79,2024,6,2,Jun,2024-06
2024-06-30,West,Product C,Electronics,Diana,10,1099.57,3.6,10995.7,10599.85,2024,6,2,Jun,2024-06
2024-07-01,Central,Product A,Clothing,Bob,35,2889.59,6.7,101135.65,94359.56,2024,7,3,Jul,2024-07
2024-07-01,North,Product E,Kitchen,Evan,25,278.66,12.6,6966.5,6088.72,2024,7,3,Jul,2024-07
2024-07-03,Central,Product C,Sports,Bob,41,3489.05,27.8,143051.05,103282.86,2024,7,3,Jul,2024-07
2024-07-04,South,Product D,Furniture,Evan,45,4124.13,11.3,185585.85,164614.65,2024,7,3,Jul,2024-07
2024-07-04,South,Product C,Kitchen,Alice,49,2318.84,28.0,113623.16,81808.68,2024,7,3,Jul,2024-07
2024-07-04,Central,Product E,Clothing,Diana,23,4657.81,2.7,107129.63,104237.13,2024,7,3,Jul,2024-07
2024-07-07,North,Product A,Furniture,Bob,36,2766.86,4.4,99606.96,95224.25,2024,7,3,Jul,2024-07
2024-07-07,West,Product D,Electronics,Charlie,49,1862.41,23.0,91258.09,70268.73,2024,7,3,Jul,2024-07
2024-07-09,Central,Product B,Electronics,Bob,45,3444.45,25.3,155000.25,115785.19,2024,7,3,Jul,2024-07
2024-07-09,West,Product D,Kitchen,Diana,11,2835.04,25.4,31185.44,23264.34,2024,7,3,Jul,2024-07
2024-07-09,North,Product E,Clothing,Bob,13,2613.09,20.3,33970.17,27074.23,2024,7,3,Jul,2024-07
2024-07-09,East,Product E,Clothing,Alice,12,985.22,1.5,11822.64,11645.3,2024,7,3,Jul,2024-07
2024-07-10,South,Product D,Furniture,Diana,30,3278.86,27.2,98365.8,71610.3,2024,7,3,Jul,2024-07
2024-07-11,North,Product B,Clothing,Evan,32,4400.97,6.5,140831.04,131677.02,2024,7,3,Jul,2024-07
2024-07-12,North,Product B,Kitchen,Bob,45,499.09,25.1,22459.05,16821.83,2024,7,3,Jul,2024-07
2024-07-13,South,Product B,Sports,Charlie,12,1706.43,23.0,20477.16,15767.41,2024,7,3,Jul,2024-07
2024-07-14,West,Product C,Sports,Alice,13,4679.27,1.2,60830.51,60100.54,2024,7,3,Jul,2024-07
2024-07-15,South,Product E,Electronics,Diana,35,1653.02,25.2,57855.7,43276.06,2024,7,3,Jul,2024-07
2024-07-16,West,Product C,Sports,Alice,4,3495.25,21.3,13981.0,11003.05,2024,7,3,Jul,2024-07
2024-07-16,South,Product E,Clothing,Bob,10,1263.67,24.9,12636.7,9490.16,2024,7,3,Jul,2024-07
2024-07-16,North,Product C,Clothing,Charlie,49,3673.62,19.2,180007.38,145445.96,2024,7,3,Jul,2024-07
2024-07-17,East,Product D,Sports,Evan,42,2650.66,17.8,111327.72,91511.39,2024,7,3,Jul,2024-07
2024-07-17,Central,Product A,Kitchen,Diana,17,1481.4,20.2,25183.8,20096.67,2024,7,3,Jul,2024-07
2024-07-17,North,Product A,Clothing,Bob,19,1772.1,7.3,33669.9,31212.0,2024,7,3,Jul,2024-07
2024-07-18,East,Product D,Sports,Alice,9,758.72,26.4,6828.48,5025.76,2024,7,3,Jul,2024-07
2024-07-18,South,Product A,Clothing,Diana,33,4275.04,8.5,141076.32,129084.83,2024,7,3,Jul,2024-07
2024-07-18,West,Product E,Kitchen,Alice,47,4495.28,17.9,211278.16,173459.37,2024,7,3,Jul,2024-07
2024-07-19,South,Product E,Electronics,Bob,17,4590.8,2.5,78043.6,76092.51,2024,7,3,Jul,2024-07
2024-07-19,West,Product D,Kitchen,Alice,24,2738.14,26.2,65715.36,48497.94,2024,7,3,Jul,2024-07
2024-07-19,Central,Product A,Furniture,Charlie,49,3535.38,16.6,173233.62,144476.84,2024,7,3,Jul,2024-07
2024-07-19,North,Product B,Furniture,Charlie,35,4307.62,5.8,150766.7,142022.23,2024,7,3,Jul,2024-07
2024-07-20,North,Product B,Sports,Bob,41,2917.8,9.3,119629.8,108504.23,2024,7,3,Jul,2024-07
2024-07-22,West,Product A,Furniture,Charlie,34,587.94,16.2,19989.96,16751.59,2024,7,3,Jul,2024-07
2024-07-23,North,Product D,Clothing,Bob,45,1706.41,29.5,76788.45,54135.86,2024,7,3,Jul,2024-07
2024-07-23,East,Product B,Electronics,Bob,2,3210.25,11.1,6420.5,5707.82,2024,7,3,Jul,2024-07
2024-07-25,West,Product B,Electronics,Diana,20,4555.09,3.6,91101.8,87822.14,2024,7,3,Jul,2024-07
2024-07-25,Central,Product B,Electronics,Evan,32,3604.11,2.6,115331.52,112332.9,2024,7,3,Jul,2024-07
2024-07-26,East,Product C,Sports,Diana,40,2272.85,9.4,90914.0,82368.08,2024,7,3,Jul,2024-07
2024-07-27,West,Product C,Electronics,Alice,28,3654.32,19.2,102320.96,82675.34,2024,7,3,Jul,2024-07
2024-07-27,North,Product D,Kitchen,Bob,29,2373.53,20.5,68832.37,54721.73,2024,7,3,Jul,2024-07
2024-07-27,West,Product B,Furniture,Alice,45,2152.95,5.1,96882.75,91941.73,2024,7,3,Jul,2024-07
2024-07-28,South,Product D,Electronics,Bob,19,1850.24,4.7,35154.56,33502.3,2024,7,3,Jul,2024-07
2024-07-28,West,Product B,Furniture,Alice,29,2069.19,23.7,60006.51,45784.97,2024,7,3,Jul,2024-07
2024-07-30,Central,Product D,Furniture,Charlie,40,2237.61,25.4,89504.4,66770.28,2024,7,3,Jul,2024-07
2024-07-31,Central,Product B,Kitchen,Evan,5,1058.99,3.1,5294.95,5130.81,2024,7,3,Jul,2024-07
2024-07-31,South,Product E,Furniture,Diana,43,1650.64,21.5,70977.52,55717.35,2024,7,3,Jul,2024-07
2024-08-02,West,Product C,Furniture,Charlie,39,3175.58,12.2,123847.62,108738.21,2024,8,3,Aug,2024-08
2024-08-02,South,Product D,Kitchen,Alice,48,1165.52,5.7,55944.96,52756.1,2024,8,3,Aug,2024-08
2024-08-03,North,Product D,Furniture,Bob,38,531.86,28.9,20210.68,14369.79,2024,8,3,Aug,2024-08
2024-08-04,South,Product D,Clothing,Alice,45,3495.31,5.8,157288.95,148166.19,2024,8,3,Aug,2024-08
2024-08-09,South,Product C,Furniture,Diana,41,1949.08,26.6,79912.28,58655.61,2024,8,3,Aug,2024-08
2024-08-10,South,Product E,Clothing,Alice,19,3278.55,15.4,62292.45,52699.41,2024,8,3,Aug,2024-08
2024-08-15,West,Product A,Sports,Evan,7,4198.57,20.3,29389.99,23423.82,2024,8,3,Aug,2024-08
2024-08-16,East,Product E,Kitchen,Diana,7,367.59,29.2,2573.13,1821.78,2024,8,3,Aug,2024-08
2024-08-17,West,Product C,Electronics,Evan,13,4239.83,28.0,55117.79,39684.81,2024,8,3,Aug,2024-08
2024-08-18,West,Product D,Electronics,Diana,46,1728.89,27.2,79528.94,57897.07,2024,8,3,Aug,2024-08
2024-08-18,South,Product A,Furniture,Diana,4,468.87,2.6,1875.48,1826.72,2024,8,3,Aug,2024-08
2024-08-23,West,Product D,Electronics,Alice,25,1073.29,8.0,26832.25,24685.67,2024,8,3,Aug,2024-08
2024-08-23,West,Product A,Clothing,Alice,20,4097.15,14.6,81943.0,69979.32,2024,8,3,Aug,2024-08
2024-08-24,South,Product D,Electronics,Charlie,24,2808.79,28.5,67410.96,48198.84,2024,8,3,Aug,2024-08
2024-08-26,South,Product A,Kitchen,Diana,14,3276.66,13.8,45873.24,39542.73,2024,8,3,Aug,2024-08
2024-08-26,Central,Product A,Sports,Diana,17,4211.59,1.3,71597.03,70666.27,2024,8,3,Aug,2024-08
2024-08-27,North,Product B,Kitchen,Diana,46,158.81,7.2,7305.26,6779.28,2024,8,3,Aug,2024-08
2024-08-28,North,Product E,Clothing,Diana,16,1681.77,27.5,26908.32,19508.53,2024,8,3,Aug,2024-08
2024-08-29,East,Product A,Electronics,Charlie,33,3783.81,9.0,124865.73,113627.81,2024,8,3,Aug,2024-08
2024-08-29,East,Product A,Electronics,Charlie,5,4637.69,3.0,23188.45,22492.8,2024,8,3,Aug,2024-08
2024-08-29,North,Product E,Electronics,Bob,12,2561.62,14.8,30739.44,26190.0,2024,8,3,Aug,2024-08
2024-08-30,East,Product E,Sports,Alice,14,3124.25,21.4,43739.5,34379.25,2024,8,3,Aug,2024-08
2024-08-30,Central,Product E,Sports,Diana,13,4972.22,29.7,64638.86,45441.12,2024,8,3,Aug,2024-08
2024-08-31,East,Product C,Furniture,Charlie,14,4137.59,14.6,57926.26,49469.03,2024,8,3,Aug,2024-08
2024-08-31,South,Product A,Furniture,Evan,1,2515.49,30.0,2515.49,1760.84,2024,8,3,Aug,2024-08
2024-09-01,South,Product B,Sports,Charlie,20,4466.59,21.4,89331.8,70214.79,2024,9,3,Sep,2024-09
2024-09-01,North,Product A,Electronics,Evan,33,2145.23,0.5,70792.59,70438.63,2024,9,3,Sep,2024-09
2024-09-02,South,Product B,Kitchen,Alice,2,4284.32,29.6,8568.64,6032.32,2024,9,3,Sep,2024-09
2024-09-03,Central,Product A,Kitchen,Diana,38,4853.36,29.3,184427.68,130390.37,2024,9,3,Sep,2024-09
2024-09-03,Central,Product A,Electronics,Alice,43,2685.18,7.9,115462.74,106341.18,2024,9,3,Sep,2024-09
2024-09-04,Central,Product E,Electronics,Diana,23,3427.9,21.4,78841.7,61969.58,2024,9,3,Sep,2024-09
2024-09-04,East,Product A,Electronics,Bob,45,1361.65,4.3,61274.25,58639.46,2024,9,3,Sep,2024-09
2024-09-04,West,Product B,Sports,Evan,20,1632.89,24.7,32657.8,24591.32,2024,9,3,Sep,2024-09
2024-09-04,Central,Product A,Furniture,Charlie,20,2464.75,14.5,49295.0,42147.22,2024,9,3,Sep,2024-09
2024-09-04,East,Product A,Kitchen,Alice,1,1010.31,16.1,1010.31,847.65,2024,9,3,Sep,2024-09
2024-09-04,East,Product D,Sports,Alice,31,148.56,18.9,4605.36,3734.95,2024,9,3,Sep,2024-09
2024-09-06,West,Product A,Sports,Diana,6,3348.83,3.4,20092.98,19409.82,2024,9,3,Sep,2024-09
2024-09-08,North,Product D,Kitchen,Bob,25,518.47,13.8,12961.75,11173.03,2024,9,3,Sep,2024-09
2024-09-11,North,Product E,Furniture,Diana,34,3785.36,28.4,128702.24,92150.8,2024,9,3,Sep,2024-09
2024-09-11,South,Product B,Kitchen,Bob,11,4789.96,28.1,52689.56,37883.79,2024,9,3,Sep,2024-09
2024-09-14,West,Product A,Sports,Evan,43,414.06,15.5,17804.58,15044.87,2024,9,3,Sep,2024-09
2024-09-14,East,Product A,Kitchen,Evan,48,3910.87,16.1,187721.76,157498.56,2024,9,3,Sep,2024-09
2024-09-15,Central,Product C,Clothing,Bob,43,857.15,12.3,36857.45,32323.98,2024,9,3,Sep,2024-09
2024-09-15,South,Product C,Furniture,Evan,14,1203.29,28.5,16846.06,12044.93,2024,9,3,Sep,2024-09
2024-09-15,East,Product C,Furniture,Charlie,30,4680.5,1.7,140415.0,138027.94,2024,9,3,Sep,2024-09
2024-09-16,Central,Product D,Furniture,Alice,16,2126.23,12.3,34019.68,29835.26,2024,9,3,Sep,2024-09
2024-09-16,South,Product D,Sports,Bob,22,3708.72,25.7,81591.84,60622.74,2024,9,3,Sep,2024-09
2024-09-16,East,Product B,Kitchen,Bob,19,3912.43,12.9,74336.17,64746.8,2024,9,3,Sep,2024-09
2024-09-17,East,Product B,Clothing,Diana,32,3109.51,9.7,99504.32,89852.4,2024,9,3,Sep,2024-09
2024-09-17,East,Product C,Kitchen,Bob,7,1760.24,17.6,12321.68,10153.06,2024,9,3,Sep,2024-09
2024-09-19,North,Product D,Clothing,Bob,20,3737.23,5.0,74744.6,71007.37,2024,9,3,Sep,2024-09
2024-09-19,Central,Product D,Electronics,Diana,27,528.49,17.9,14269.23,11715.04,2024,9,3,Sep,2024-09
2024-09-22,North,Product B,Electronics,Bob,23,2355.61,8.1,54179.03,49790.53,2024,9,3,Sep,2024-09
2024-09-24,Central,Product D,Kitchen,Evan,15,4235.01,2.9,63525.15,61682.92,2024,9,3,Sep,2024-09
2024-09-25,West,Product B,Clothing,Bob,31,2423.37,4.1,75124.47,72044.37,2024,9,3,Sep,2024-09
2024-09-25,West,Product A,Electronics,Alice,7,2920.76,14.0,20445.32,17582.98,2024,9,3,Sep,2024-09
2024-09-25,East,Product A,Electronics,Alice,19,1267.62,26.7,24084.78,17654.14,2024,9,3,Sep,2024-09
2024-09-25,Central,Product D,Sports,Charlie,3,1774.04,13.8,5322.12,4587.67,2024,9,3,Sep,2024-09
2024-09-27,South,Product B,Furniture,Diana,20,1109.3,4.5,22186.0,21187.63,2024,9,3,Sep,2024-09
2024-09-29,East,Product D,Clothing,Charlie,24,3533.96,19.3,84815.04,68445.74,2024,9,3,Sep,2024-09
2024-09-29,East,Product E,Furniture,Evan,27,4497.25,20.5,121425.75,96533.47,2024,9,3,Sep,2024-09
2024-09-29,West,Product E,Clothing,Charlie,16,3561.22,8.0,56979.52,52421.16,2024,9,3,Sep,2024-09
2024-09-30,West,Product D,Sports,Evan,45,1646.6,27.5,74097.0,53720.32,2024,9,3,Sep,2024-09
2024-09-30,Central,Product D,Clothing,Alice,15,3027.4,5.2,45411.0,43049.63,2024,9,3,Sep,2024-09
2024-10-01,North,Product A,Electronics,Evan,11,1031.63,24.5,11347.93,8567.69,2024,10,4,Oct,2024-10
2024-10-01,Central,Product E,Electronics,Bob,14,438.28,0.2,6135.92,6123.65,2024,10,4,Oct,2024-10
2024-10-01,North,Product A,Sports,Bob,36,4979.1,9.1,179247.6,162936.07,2024,10,4,Oct,2024-10
2024-10-02,North,Product D,Clothing,Bob,12,481.5,10.3,5778.0,5182.87,2024,10,4,Oct,2024-10
2024-10-02,North,Product D,Electronics,Bob,48,4879.51,0.4,234216.48,233279.61,2024,10,4,Oct,2024-10
2024-10-03,East,Product D,Furniture,Diana,15,3167.67,14.8,47515.05,40482.82,2024,10,4,Oct,2024-10
2024-10-03,East,Product D,Furniture,Charlie,2,3797.39,28.2,7594.78,5453.05,2024,10,4,Oct,2024-10
2024-10-04,South,Product D,Kitchen,Charlie,14,1425.74,7.1,19960.36,18543.17,2024,10,4,Oct,2024-10
2024-10-06,East,Product E,Sports,Evan,13,292.87,28.6,3807.31,2718.42,2024,10,4,Oct,2024-10
2024-10-06,East,Product E,Electronics,Evan,19,658.43,29.4,12510.17,8832.18,2024,10,4,Oct,2024-10
2024-10-06,West,Product C,Sports,Alice,1,4330.81,16.9,4330.81,3598.9,2024,10,4,Oct,2024-10
2024-10-07,North,Product D,Electronics,Alice,34,990.64,24.2,33681.76,25530.77,2024,10,4,Oct,2024-10
2024-10-07,South,Product D,Furniture,Evan,19,2344.34,29.0,44542.46,31625.15,2024,10,4,Oct,2024-10
2024-10-08,East,Product E,Kitchen,Alice,47,3261.57,14.3,153293.79,131372.78,2024,10,4,Oct,2024-10
2024-10-09,South,Product A,Sports,Diana,26,4924.81,14.7,128045.06,109222.44,2024,10,4,Oct,2024-10
2024-10-09,Central,Product E,Electronics,Bob,28,4335.39,23.9,121390.92,92378.49,2024,10,4,Oct,2024-10
2024-10-09,West,Product E,Clothing,Alice,26,3615.58,20.3,94005.08,74922.05,2024,10,4,Oct,2024-10
2024-10-10,East,Product A,Furniture,Evan,20,2209.63,20.3,44192.6,35221.5,2024,10,4,Oct,2024-10
2024-10-11,East,Product A,Furniture,Evan,18,622.89,5.7,11212.02,10572.93,2024,10,4,Oct,2024-10
2024-10-13,Central,Product E,Furniture,Charlie,32,1492.5,25.3,47760.0,35676.72,2024,10,4,Oct,2024-10
2024-10-14,Central,Product D,Sports,Diana,44,1450.28,4.4,63812.32,61004.58,2024,10,4,Oct,2024-10
2024-10-14,South,Product E,Furniture,Evan,29,3414.35,5.6,99016.15,93471.25,2024,10,4,Oct,2024-10
2024-10-15,West,Product D,Furniture,Charlie,6,2772.6,16.6,16635.6,13874.09,2024,10,4,Oct,2024-10
2024-10-15,South,Product D,Clothing,Diana,46,1879.95,26.4,86477.7,63647.59,2024,10,4,Oct,2024-10
2024-10-16,East,Product D,Kitchen,Evan,20,778.02,29.5,15560.4,10970.08,2024,10,4,Oct,2024-10
2024-10-17,East,Product E,Sports,Evan,26,1335.65,8.7,34726.9,31705.66,2024,10,4,Oct,2024-10
2024-10-17,Central,Product E,Furniture,Charlie,29,2572.72,11.4,74608.88,66103.47,2024,10,4,Oct,2024-10
2024-10-17,East,Product D,Electronics,Diana,13,2208.7,7.6,28713.1,26530.9,2024,10,4,Oct,2024-10
2024-10-18,Central,Product B,Sports,Charlie,47,1287.53,0.5,60513.91,60211.34,2024,10,4,Oct,2024-10
2024-10-18,East,Product D,Furniture,Bob,30,2184.98,1.6,65549.4,64500.61,2024,10,4,Oct,2024-10
2024-10-19,North,Product C,Electronics,Bob,24,4411.2,5.0,105868.8,100575.36,2024,10,4,Oct,2024-10
2024-10-20,North,Product A,Electronics,Diana,15,914.65,19.2,13719.75,11085.56,2024,10,4,Oct,2024-10
2024-10-20,West,Product B,Sports,Evan,42,921.08,2.1,38685.36,37872.97,2024,10,4,Oct,2024-10
2024-10-20,West,Product A,Sports,Evan,1,4888.69,19.4,4888.69,3940.28,2024,10,4,Oct,2024-10
2024-10-20,East,Product E,Clothing,Evan,6,982.78,29.9,5896.68,4133.57,2024,10,4,Oct,2024-10
2024-10-20,South,Product A,Sports,Diana,43,1569.65,24.0,67494.95,51296.16,2024,10,4,Oct,2024-10
2024-10-21,North,Product A,Furniture,Alice,24,1669.97,23.9,40079.28,30500.33,2024,10,4,Oct,2024-10
2024-10-21,South,Product B,Clothing,Charlie,19,4654.08,28.1,88427.52,63579.39,2024,10,4,Oct,2024-10
2024-10-23,North,Product E,Sports,Bob,11,1540.19,14.5,16942.09,14485.49,2024,10,4,Oct,2024-10
2024-10-23,West,Product C,Furniture,Diana,41,1181.19,21.8,48428.79,37871.31,2024,10,4,Oct,2024-10
2024-10-24,Central,Product D,Furniture,Evan,33,678.07,16.9,22376.31,18594.71,2024,10,4,Oct,2024-10
2024-10-24,North,Product A,Clothing,Alice,32,3715.85,29.0,118907.2,84424.11,2024,10,4,Oct,2024-10
2024-10-24,South,Product E,Furniture,Bob,25,4952.4,17.5,123810.0,102143.25,2024,10,4,Oct,2024-10
2024-10-25,Central,Product D,Kitchen,Diana,19,4187.4,10.2,79560.6,71445.42,2024,10,4,Oct,2024-10
2024-10-25,Central,Product B,Kitchen,Diana,19,3052.1,22.8,57989.9,44768.2,2024,10,4,Oct,2024-10
2024-10-25,East,Product D,Electronics,Evan,4,4497.19,0.7,17988.76,17862.84,2024,10,4,Oct,2024-10
2024-10-25,North,Product E,Sports,Alice,24,2884.52,12.3,69228.48,60713.38,2024,10,4,Oct,2024-10
2024-10-25,East,Product D,Sports,Evan,29,3621.72,26.7,105029.88,76986.9,2024,10,4,Oct,2024-10
2024-10-26,East,Product E,Sports,Diana,5,2035.76,4.4,10178.8,9730.93,2024,10,4,Oct,2024-10
2024-10-27,Central,Product D,Furniture,Diana,41,1283.85,23.0,52637.85,40531.14,2024,10,4,Oct,2024-10
2024-10-28,Central,Product E,Clothing,Bob,47,3990.67,1.2,187561.49,185310.75,2024,10,4,Oct,2024-10
2024-10-29,North,Product A,Sports,Evan,42,4897.26,27.6,205684.92,148915.88,2024,10,4,Oct,2024-10
2024-10-31,East,Product B,Clothing,Charlie,3,292.4,17.3,877.2,725.44,2024,10,4,Oct,2024-10
2024-10-31,East,Product B,Electronics,Alice,20,4090.48,17.7,81809.6,67329.3,2024,10,4,Oct,2024-10
2024-11-02,Central,Product D,Clothing,Alice,47,1776.14,24.8,83478.58,62775.89,2024,11,4,Nov,2024-11
2024-11-02,North,Product E,Electronics,Bob,33,1171.98,3.7,38675.34,37244.35,2024,11,4,Nov,2024-11
2024-11-02,South,Product A,Electronics,Bob,24,4112.46,21.6,98699.04,77380.05,2024,11,4,Nov,2024-11
2024-11-02,North,Product B,Electronics,Evan,34,274.39,25.0,9329.26,6996.94,2024,11,4,Nov,2024-11
2024-11-03,North,Product A,Kitchen,Evan,31,813.03,20.1,25203.93,20137.94,2024,11,4,Nov,2024-11
2024-11-03,West,Product A,Electronics,Diana,43,2780.52,23.9,119562.36,90986.96,2024,11,4,Nov,2024-11
2024-11-04,Central,Product A,Kitchen,Bob,25,799.79,19.4,19994.75,16115.77,2024,11,4,Nov,2024-11
2024-11-05,South,Product C,Clothing,Alice,46,2690.42,15.2,123759.32,104947.9,2024,11,4,Nov,2024-11
2024-11-05,Central,Product E,Kitchen,Charlie,46,1027.06,28.9,47244.76,33591.02,2024,11,4,Nov,2024-11
2024-11-06,North,Product C,Kitchen,Alice,3,1218.82,11.2,3656.46,3246.94,2024,11,4,Nov,2024-11
2024-11-06,Central,Product E,Clothing,Charlie,45,1055.3,7.3,47488.5,44021.84,2024,11,4,Nov,2024-11
2024-11-06,North,Product A,Clothing,Bob,14,2952.14,18.2,41329.96,33807.91,2024,11,4,Nov,2024-11
2024-11-07,North,Product B,Furniture,Charlie,14,2391.83,10.5,33485.62,29969.63,2024,11,4,Nov,2024-11
2024-11-07,South,Product D,Electronics,Evan,11,2610.72,18.9,28717.92,23290.23,2024,11,4,Nov,2024-11
2024-11-11,South,Product E,Furniture,Charlie,48,3898.65,25.5,187135.2,139415.72,2024,11,4,Nov,2024-11
2024-11-12,East,Product D,Clothing,Bob,36,4119.24,19.7,148292.64,119078.99,2024,11,4,Nov,2024-11
2024-11-12,West,Product D,Kitchen,Charlie,25,1099.92,28.4,27498.0,19688.57,2024,11,4,Nov,2024-11
2024-11-12,North,Product E,Sports,Evan,12,3489.11,13.8,41869.32,36091.35,2024,11,4,Nov,2024-11
2024-11-12,South,Product A,Clothing,Charlie,23,4811.6,7.4,110666.8,102477.46,2024,11,4,Nov,2024-11
2024-11-12,Central,Product A,Kitchen,Evan,45,2604.36,18.9,117196.2,95046.12,2024,11,4,Nov,2024-11
2024-11-14,Central,Product C,Furniture,Alice,31,2077.06,21.6,64388.86,50480.87,2024,11,4,Nov,2024-11
2024-11-14,South,Product E,Sports,Alice,4,3144.52,13.7,12578.08,10854.88,2024,11,4,Nov,2024-11
2024-11-14,East,Product B,Sports,Evan,12,4443.26,1.0,53319.12,52785.93,2024,11,4,Nov,2024-11
2024-11-15,North,Product D,Electronics,Bob,31,3834.66,7.2,118874.46,110315.5,2024,11,4,Nov,2024-11
2024-11-15,West,Product D,Kitchen,Alice,49,2437.22,11.3,119423.78,105928.89,2024,11,4,Nov,2024-11
2024-11-15,East,Product B,Kitchen,Evan,29,4743.66,14.9,137566.14,117068.79,2024,11,4,Nov,2024-11
2024-11-16,West,Product B,Kitchen,Charlie,14,3823.14,8.6,53523.96,48920.9,2024,11,4,Nov,2024-11
2024-11-17,North,Product D,Kitchen,Bob,18,3391.37,27.9,61044.66,44013.2,2024,11,4,Nov,2024-11
2024-11-18,East,Product B,Electronics,Alice,29,1637.15,21.5,47477.35,37269.72,2024,11,4,Nov,2024-11
2024-11-19,Central,Product D,Electronics,Charlie,8,2477.63,16.9,19821.04,16471.28,2024,11,4,Nov,2024-11
2024-11-19,Central,Product E,Furniture,Alice,47,2926.36,21.3,137538.92,108243.13,2024,11,4,Nov,2024-11
2024-11-20,North,Product A,Kitchen,Diana,42,4397.93,26.6,184713.06,135579.39,2024,11,4,Nov,2024-11
2024-11-20,East,Product E,Sports,Bob,6,2499.95,3.2,14999.7,14519.71,2024,11,4,Nov,2024-11
2024-11-21,South,Product A,Clothing,Diana,42,1068.02,15.4,44856.84,37948.89,2024,11,4,Nov,2024-11
2024-11-21,East,Product B,Furniture,Evan,46,1908.77,7.0,87803.42,81657.18,2024,11,4,Nov,2024-11
2024-11-22,North,Product A,Electronics,Evan,28,341.54,6.0,9563.12,8989.33,2024,11,4,Nov,2024-11
2024-11-22,South,Product E,Sports,Alice,28,3537.67,29.1,99054.76,70229.82,2024,11,4,Nov,2024-11
2024-11-22,South,Product E,Sports,Alice,42,1030.39,20.2,43276.38,34534.55,2024,11,4,Nov,2024-11
2024-11-22,North,Product A,Kitchen,Evan,27,2773.91,12.0,74895.57,65908.1,2024,11,4,Nov,2024-11
2024-11-23,East,Product B,Sports,Bob,4,1947.23,3.1,7788.92,7547.46,2024,11,4,Nov,2024-11
2024-11-25,South,Product D,Electronics,Bob,35,1385.8,25.6,48503.0,36086.23,2024,11,4,Nov,2024-11
2024-11-26,South,Product E,Sports,Alice,10,1800.1,10.2,18001.0,16164.9,2024,11,4,Nov,2024-11
2024-11-27,Central,Product B,Sports,Bob,28,2723.2,29.4,76249.6,53832.22,2024,11,4,Nov,2024-11
2024-11-28,West,Product E,Kitchen,Bob,9,351.19,4.8,3160.71,3009.0,2024,11,4,Nov,2024-11
2024-11-28,Central,Product E,Electronics,Evan,32,2338.75,21.6,74840.0,58674.56,2024,11,4,Nov,2024-11
2024-11-29,Central,Product C,Furniture,Diana,6,3608.32,17.7,21649.92,17817.88,2024,11,4,Nov,2024-11
2024-11-29,North,Product C,Kitchen,Diana,15,587.52,2.5,8812.8,8592.48,2024,11,4,Nov,2024-11
2024-11-29,North,Product C,Kitchen,Charlie,32,4945.32,9.3,158250.24,143532.97,2024,11,4,Nov,2024-11
2024-11-29,Central,Product B,Furniture,Bob,32,2134.21,27.5,68294.72,49513.67,2024,11,4,Nov,2024-11
2024-11-30,West,Product A,Electronics,Evan,21,4832.58,13.4,101484.18,87885.3,2024,11,4,Nov,2024-11
2024-11-30,East,Product C,Sports,Alice,14,2028.42,12.8,28397.88,24762.95,2024,11,4,Nov,2024-11
2024-12-01,North,Product E,Clothing,Bob,10,2346.74,25.0,23467.4,17600.55,2024,12,4,Dec,2024-12
2024-12-02,West,Product D,Clothing,Evan,49,772.77,5.5,37865.73,35783.11,2024,12,4,Dec,2024-12
2024-12-03,Central,Product B,Clothing,Evan,21,818.81,24.6,17195.01,12965.04,2024,12,4,Dec,2024-12
2024-12-04,Central,Product B,Kitchen,Charlie,22,507.79,0.5,11171.38,11115.52,2024,12,4,Dec,2024-12
2024-12-04,Central,Product E,Furniture,Charlie,4,1766.02,18.4,7064.08,5764.29,2024,12,4,Dec,2024-12
2024-12-04,East,Product B,Kitchen,Diana,14,1740.9,5.0,24372.6,23153.97,2024,12,4,Dec,2024-12
2024-12-06,South,Product B,Kitchen,Charlie,10,632.54,15.2,6325.4,5363.94,2024,12,4,Dec,2024-12
2024-12-09,North,Product C,Kitchen,Evan,16,1003.08,11.7,16049.28,14171.51,2024,12,4,Dec,2024-12
2024-12-09,North,Product B,Kitchen,Alice,47,2611.81,15.0,122755.07,104341.81,2024,12,4,Dec,2024-12
2024-12-10,East,Product E,Electronics,Diana,6,3662.39,0.3,21974.34,21908.42,2024,12,4,Dec,2024-12
2024-12-10,North,Product E,Furniture,Bob,1,1752.92,0.8,1752.92,1738.9,2024,12,4,Dec,2024-12
2024-12-10,East,Product E,Electronics,Charlie,4,431.26,10.6,1725.04,1542.19,2024,12,4,Dec,2024-12
2024-12-11,South,Product B,Clothing,Evan,40,445.62,3.0,17824.8,17290.06,2024,12,4,Dec,2024-12
2024-12-14,North,Product D,Kitchen,Charlie,13,3068.89,2.5,39895.57,38898.18,2024,12,4,Dec,2024-12
2024-12-14,Central,Product B,Kitchen,Bob,26,4683.43,29.1,121769.18,86334.35,2024,12,4,Dec,2024-12
2024-12-14,South,Product D,Electronics,Diana,21,4771.21,1.0,100195.41,99193.46,2024,12,4,Dec,2024-12
2024-12-15,North,Product C,Clothing,Charlie,19,4351.74,25.4,82683.06,61681.56,2024,12,4,Dec,2024-12
2024-12-17,West,Product D,Clothing,Charlie,37,2007.12,11.0,74263.44,66094.46,2024,12,4,Dec,2024-12
2024-12-18,Central,Product C,Clothing,Charlie,7,2461.88,29.7,17233.16,12114.91,2024,12,4,Dec,2024-12
2024-12-19,North,Product A,Electronics,Evan,48,1992.81,12.7,95654.88,83506.71,2024,12,4,Dec,2024-12
2024-12-20,East,Product B,Kitchen,Alice,26,3345.34,25.2,86978.84,65060.17,2024,12,4,Dec,2024-12
2024-12-20,West,Product D,Electronics,Charlie,34,1969.92,28.8,66977.28,47687.82,2024,12,4,Dec,2024-12
2024-12-24,Central,Product D,Electronics,Bob,5,2793.61,19.9,13968.05,11188.41,2024,12,4,Dec,2024-12
2024-12-24,North,Product B,Clothing,Alice,44,3267.4,23.8,143765.6,109549.39,2024,12,4,Dec,2024-12
2024-12-25,South,Product A,Electronics,Bob,35,1711.23,17.6,59893.05,49351.87,2024,12,4,Dec,2024-12
2024-12-26,West,Product B,Electronics,Evan,8,1671.59,15.2,13372.72,11340.07,2024,12,4,Dec,2024-12
2024-12-26,Central,Product E,Kitchen,Charlie,37,331.26,17.4,12256.62,10123.97,2024,12,4,Dec,2024-12
2024-12-27,South,Product C,Kitchen,Charlie,20,4044.98,20.4,80899.6,64396.08,2024,12,4,Dec,2024-12
2024-12-27,East,Product C,Sports,Diana,11,4031.74,5.6,44349.14,41865.59,2024,12,4,Dec,2024-12
2024-12-27,North,Product C,Electronics,Bob,43,1747.98,10.0,75163.14,67646.83,2024,12,4,Dec,2024-12
2024-12-28,North,Product D,Clothing,Evan,29,651.69,9.4,18899.01,17122.5,2024,12,4,Dec,2024-12
2024-12-29,North,Product B,Sports,Bob,30,1646.11,3.8,49383.3,47506.73,2024,12,4,Dec,2024-12
2024-12-29,South,Product D,Electronics,Alice,41,4203.62,11.3,172348.42,152873.05,2024,12,4,Dec,2024-12
2024-12-30,Central,Product E,Electronics,Charlie,22,4730.62,1.5,104073.64,102512.54,2024,12,4,Dec,2024-12
2024-12-30,North,Product C,Electronics,Diana,28,553.0,14.9,15484.0,13176.88,2024,12,4,Dec,2024-12
2024-12-30,South,Product D,Sports,Evan,43,1250.3,7.7,53762.9,49623.16,2024,12,4,Dec,2024-12
